Workbook

Sheet Làm nhanh
A2: Làm một khối rồi dừng
A4: 1. Mở đề. 2. Ghi lựa chọn. 3. Chọn Xong. 4. Ghi ngày/phút/loại câu.
A5: Vàng để nhập. 0 = bỏ câu; trống = chưa làm. Không mở khóa khi đang đo.
A6: Mỗi khối chọn một chế độ. Đã có lịch sử thì giữ nguyên, không ghi đè lần đầu.
A7: N4-G1 | B7: N4-G2 | C7: N4-V | D7: N4-R | E7: N4-L1 | F7: N4-L2
A8: N3-G | B8: N3-V | C8: N3-R | D8: N3-L1 | E8: N3-L2
A10: N4-G1 · Ngữ pháp · 6 phút làm
A11: Nguồn JLPT | B11: Mở đề | E11: Khóa sau khi làm
A12: Câu | B12: 1 | C12: 2 | D12: 3 | E12: 4 | F12: 5 | G12: 6
A13: Bạn chọn
A16: Ngày thật | C16: Phút làm | E16: Loại câu | I16: =IF(ISBLANK(B13),0,IF(ISNUMBER(B13),IF(AND(B13>=0,B13<=4,MOD(B13,1)=0),1,-1),-1)) -> 0 | J16: =IF(I16=1,IF(B13='Chẩn đoán'!N8,1,0),0) -> 0
A17: Chấm sau giờ | D17: Dở dang: để nguyên; chưa chọn Xong. | I17: =IF(ISBLANK(C13),0,IF(ISNUMBER(C13),IF(AND(C13>=0,C13<=4,MOD(C13,1)=0),1,-1),-1)) -> 0 | J17: =IF(I17=1,IF(C13='Chẩn đoán'!N9,1,0),0) -> 0
A18: Trạng thái | B18: =P172 -> Chưa làm | I18: =IF(ISBLANK(D13),0,IF(ISNUMBER(D13),IF(AND(D13>=0,D13<=4,MOD(D13,1)=0),1,-1),-1)) -> 0 | J18: =IF(I18=1,IF(D13='Chẩn đoán'!N10,1,0),0) -> 0
A19: Kết quả | B19: =IF(AND(B17="Xong",R172=K172,S172=0),T172&"/"&K172&" đúng; 0 vẫn tính bỏ câu","Đã ghi "&R172&"/"&K172&"; chưa hiện điểm") -> Đã ghi 0/6; chưa hiện điểm | I19: =IF(ISBLANK(E13),0,IF(ISNUMBER(E13),IF(AND(E13>=0,E13<=4,MOD(E13,1)=0),1,-1),-1)) -> 0 | J19: =IF(I19=1,IF(E13='Chẩn đoán'!N11,1,0),0) -> 0
A20: Câu cần sửa | B20: =IF(AND(B17="Xong",R172=K172,S172=0),IF(X172="","Không có câu sai/bỏ",X172),"Chỉ hiện sau khi làm xong") -> Chỉ hiện sau khi làm xong | I20: =IF(ISBLANK(F13),0,IF(ISNUMBER(F13),IF(AND(F13>=0,F13<=4,MOD(F13,1)=0),1,-1),-1)) -> 0 | J20: =IF(I20=1,IF(F13='Chẩn đoán'!N12,1,0),0) -> 0
A21: Lỗi chính | E21: Xem tuần | I21: =IF(ISBLANK(G13),0,IF(ISNUMBER(G13),IF(AND(G13>=0,G13<=4,MOD(G13,1)=0),1,-1),-1)) -> 0 | J21: =IF(I21=1,IF(G13='Chẩn đoán'!N13,1,0),0) -> 0
A22: Tiếp theo | B22: =IF(P172="Đã chấm","Chọn 1 lỗi để chữa 5-10 phút rồi dừng.",IF(P172="Trùng hai chế độ","Giữ lịch sử ở Chẩn đoán; xóa bản nhập trùng ở đây.","Hoàn tất khi đủ sức; không ép làm khối tiếp.")) -> Hoàn tất khi đủ sức; không ép làm khối tiếp. | I22: =IF(ISBLANK(B27),0,IF(ISNUMBER(B27),IF(AND(B27>=0,B27<=4,MOD(B27,1)=0),1,-1),-1)) -> 0 | J22: =IF(I22=1,IF(B27='Chẩn đoán'!N14,1,0),0) -> 0
I23: =IF(ISBLANK(C27),0,IF(ISNUMBER(C27),IF(AND(C27>=0,C27<=4,MOD(C27,1)=0),1,-1),-1)) -> 0 | J23: =IF(I23=1,IF(C27='Chẩn đoán'!N15,1,0),0) -> 0
A24: N4-G2 · Ngữ pháp · 6 phút làm | I24: =IF(ISBLANK(D27),0,IF(ISNUMBER(D27),IF(AND(D27>=0,D27<=4,MOD(D27,1)=0),1,-1),-1)) -> 0 | J24: =IF(I24=1,IF(D27='Chẩn đoán'!N16,1,0),0) -> 0
A25: Nguồn JLPT | B25: Mở đề | E25: Khóa sau khi làm | I25: =IF(ISBLANK(E27),0,IF(ISNUMBER(E27),IF(AND(E27>=0,E27<=4,MOD(E27,1)=0),1,-1),-1)) -> 0 | J25: =IF(I25=1,IF(E27='Chẩn đoán'!N17,1,0),0) -> 0
A26: Câu | B26: 16 | C26: 17 | D26: 21 | E26: 22 | F26: 23 | G26: 24 | I26: =IF(ISBLANK(F27),0,IF(ISNUMBER(F27),IF(AND(F27>=0,F27<=4,MOD(F27,1)=0),1,-1),-1)) -> 0 | J26: =IF(I26=1,IF(F27='Chẩn đoán'!N18,1,0),0) -> 0
A27: Bạn chọn | I27: =IF(ISBLANK(G27),0,IF(ISNUMBER(G27),IF(AND(G27>=0,G27<=4,MOD(G27,1)=0),1,-1),-1)) -> 0 | J27: =IF(I27=1,IF(G27='Chẩn đoán'!N19,1,0),0) -> 0
A28: Câu tiếp | B28: 25 | I28: =IF(ISBLANK(B29),0,IF(ISNUMBER(B29),IF(AND(B29>=0,B29<=4,MOD(B29,1)=0),1,-1),-1)) -> 0 | J28: =IF(I28=1,IF(B29='Chẩn đoán'!N20,1,0),0) -> 0
A29: Bạn chọn | I29: =IF(ISBLANK(B41),0,IF(ISNUMBER(B41),IF(AND(B41>=0,B41<=4,MOD(B41,1)=0),1,-1),-1)) -> 0 | J29: =IF(I29=1,IF(B41='Chẩn đoán'!N21,1,0),0) -> 0
A30: Ngày thật | C30: Phút làm | E30: Loại câu | I30: =IF(ISBLANK(C41),0,IF(ISNUMBER(C41),IF(AND(C41>=0,C41<=4,MOD(C41,1)=0),1,-1),-1)) -> 0 | J30: =IF(I30=1,IF(C41='Chẩn đoán'!N22,1,0),0) -> 0
A31: Chấm sau giờ | D31: Dở dang: để nguyên; chưa chọn Xong. | I31: =IF(ISBLANK(D41),0,IF(ISNUMBER(D41),IF(AND(D41>=0,D41<=4,MOD(D41,1)=0),1,-1),-1)) -> 0 | J31: =IF(I31=1,IF(D41='Chẩn đoán'!N23,1,0),0) -> 0
A32: Trạng thái | B32: =P173 -> Chưa làm | I32: =IF(ISBLANK(E41),0,IF(ISNUMBER(E41),IF(AND(E41>=0,E41<=4,MOD(E41,1)=0),1,-1),-1)) -> 0 | J32: =IF(I32=1,IF(E41='Chẩn đoán'!N24,1,0),0) -> 0
A33: Kết quả | B33: =IF(AND(B31="Xong",R173=K173,S173=0),T173&"/"&K173&" đúng; 0 vẫn tính bỏ câu","Đã ghi "&R173&"/"&K173&"; chưa hiện điểm") -> Đã ghi 0/7; chưa hiện điểm | I33: =IF(ISBLANK(F41),0,IF(ISNUMBER(F41),IF(AND(F41>=0,F41<=4,MOD(F41,1)=0),1,-1),-1)) -> 0 | J33: =IF(I33=1,IF(F41='Chẩn đoán'!N25,1,0),0) -> 0
A34: Câu cần sửa | B34: =IF(AND(B31="Xong",R173=K173,S173=0),IF(X173="","Không có câu sai/bỏ",X173),"Chỉ hiện sau khi làm xong") -> Chỉ hiện sau khi làm xong | I34: =IF(ISBLANK(G41),0,IF(ISNUMBER(G41),IF(AND(G41>=0,G41<=4,MOD(G41,1)=0),1,-1),-1)) -> 0 | J34: =IF(I34=1,IF(G41='Chẩn đoán'!N26,1,0),0) -> 0
A35: Lỗi chính | E35: Xem tuần | I35: =IF(ISBLANK(B43),0,IF(ISNUMBER(B43),IF(AND(B43>=0,B43<=4,MOD(B43,1)=0),1,-1),-1)) -> 0 | J35: =IF(I35=1,IF(B43='Chẩn đoán'!N27,1,0),0) -> 0
A36: Tiếp theo | B36: =IF(P173="Đã chấm","Chọn 1 lỗi để chữa 5-10 phút rồi dừng.",IF(P173="Trùng hai chế độ","Giữ lịch sử ở Chẩn đoán; xóa bản nhập trùng ở đây.","Hoàn tất khi đủ sức; không ép làm khối tiếp.")) -> Hoàn tất khi đủ sức; không ép làm khối tiếp. | I36: =IF(ISBLANK(C43),0,IF(ISNUMBER(C43),IF(AND(C43>=0,C43<=4,MOD(C43,1)=0),1,-1),-1)) -> 0 | J36: =IF(I36=1,IF(C43='Chẩn đoán'!N28,1,0),0) -> 0
I37: =IF(ISBLANK(D43),0,IF(ISNUMBER(D43),IF(AND(D43>=0,D43<=4,MOD(D43,1)=0),1,-1),-1)) -> 0 | J37: =IF(I37=1,IF(D43='Chẩn đoán'!N29,1,0),0) -> 0
A38: N4-V · Từ và kanji · 8 phút làm | I38: =IF(ISBLANK(E43),0,IF(ISNUMBER(E43),IF(AND(E43>=0,E43<=4,MOD(E43,1)=0),1,-1),-1)) -> 0 | J38: =IF(I38=1,IF(E43='Chẩn đoán'!N30,1,0),0) -> 0
A39: Nguồn JLPT | B39: Mở đề | E39: Khóa sau khi làm | I39: =IF(ISBLANK(B55),0,IF(ISNUMBER(B55),IF(AND(B55>=0,B55<=4,MOD(B55,1)=0),1,-1),-1)) -> 0 | J39: =IF(I39=1,IF(B55='Chẩn đoán'!N31,1,0),0) -> 0
A40: Câu | B40: 1 | C40: 2 | D40: 10 | E40: 11 | F40: 16 | G40: 17 | I40: =IF(ISBLANK(C55),0,IF(ISNUMBER(C55),IF(AND(C55>=0,C55<=4,MOD(C55,1)=0),1,-1),-1)) -> 0 | J40: =IF(I40=1,IF(C55='Chẩn đoán'!N32,1,0),0) -> 0
A41: Bạn chọn | I41: =IF(ISBLANK(D55),0,IF(ISNUMBER(D55),IF(AND(D55>=0,D55<=4,MOD(D55,1)=0),1,-1),-1)) -> 0 | J41: =IF(I41=1,IF(D55='Chẩn đoán'!N33,1,0),0) -> 0
A42: Câu tiếp | B42: 26 | C42: 27 | D42: 31 | E42: 32 | I42: =IF(ISBLANK(E55),0,IF(ISNUMBER(E55),IF(AND(E55>=0,E55<=4,MOD(E55,1)=0),1,-1),-1)) -> 0 | J42: =IF(I42=1,IF(E55='Chẩn đoán'!N34,1,0),0) -> 0
A43: Bạn chọn | I43: =IF(ISBLANK(F55),0,IF(ISNUMBER(F55),IF(AND(F55>=0,F55<=4,MOD(F55,1)=0),1,-1),-1)) -> 0 | J43: =IF(I43=1,IF(F55='Chẩn đoán'!N35,1,0),0) -> 0
A44: Ngày thật | C44: Phút làm | E44: Loại câu | I44: =IF(ISBLANK(B69),0,IF(ISNUMBER(B69),IF(AND(B69>=0,B69<=4,MOD(B69,1)=0),1,-1),-1)) -> 0 | J44: =IF(I44=1,IF(B69='Chẩn đoán'!N36,1,0),0) -> 0
A45: Chấm sau giờ | D45: Dở dang: để nguyên; chưa chọn Xong. | I45: =IF(ISBLANK(C69),0,IF(ISNUMBER(C69),IF(AND(C69>=0,C69<=4,MOD(C69,1)=0),1,-1),-1)) -> 0 | J45: =IF(I45=1,IF(C69='Chẩn đoán'!N37,1,0),0) -> 0
A46: Trạng thái | B46: =P174 -> Chưa làm | I46: =IF(ISBLANK(D69),0,IF(ISNUMBER(D69),IF(AND(D69>=0,D69<=4,MOD(D69,1)=0),1,-1),-1)) -> 0 | J46: =IF(I46=1,IF(D69='Chẩn đoán'!N38,1,0),0) -> 0
A47: Kết quả | B47: =IF(AND(B45="Xong",R174=K174,S174=0),T174&"/"&K174&" đúng; 0 vẫn tính bỏ câu","Đã ghi "&R174&"/"&K174&"; chưa hiện điểm") -> Đã ghi 0/10; chưa hiện điểm | I47: =IF(ISBLANK(E69),0,IF(ISNUMBER(E69),IF(AND(E69>=0,E69<=4,MOD(E69,1)=0),1,-1),-1)) -> 0 | J47: =IF(I47=1,IF(E69='Chẩn đoán'!N39,1,0),0) -> 0
A48: Câu cần sửa | B48: =IF(AND(B45="Xong",R174=K174,S174=0),IF(X174="","Không có câu sai/bỏ",X174),"Chỉ hiện sau khi làm xong") -> Chỉ hiện sau khi làm xong | I48: =IF(ISBLANK(B83),0,IF(ISNUMBER(B83),IF(AND(B83>=0,B83<=3,MOD(B83,1)=0),1,-1),-1)) -> 0 | J48: =IF(I48=1,IF(B83='Chẩn đoán'!N40,1,0),0) -> 0
A49: Lỗi chính | E49: Xem tuần | I49: =IF(ISBLANK(C83),0,IF(ISNUMBER(C83),IF(AND(C83>=0,C83<=3,MOD(C83,1)=0),1,-1),-1)) -> 0 | J49: =IF(I49=1,IF(C83='Chẩn đoán'!N41,1,0),0) -> 0
A50: Tiếp theo | B50: =IF(P174="Đã chấm","Chọn 1 lỗi để chữa 5-10 phút rồi dừng.",IF(P174="Trùng hai chế độ","Giữ lịch sử ở Chẩn đoán; xóa bản nhập trùng ở đây.","Hoàn tất khi đủ sức; không ép làm khối tiếp.")) -> Hoàn tất khi đủ sức; không ép làm khối tiếp. | I50: =IF(ISBLANK(D83),0,IF(ISNUMBER(D83),IF(AND(D83>=0,D83<=3,MOD(D83,1)=0),1,-1),-1)) -> 0 | J50: =IF(I50=1,IF(D83='Chẩn đoán'!N42,1,0),0) -> 0
I51: =IF(ISBLANK(E83),0,IF(ISNUMBER(E83),IF(AND(E83>=0,E83<=3,MOD(E83,1)=0),1,-1),-1)) -> 0 | J51: =IF(I51=1,IF(E83='Chẩn đoán'!N43,1,0),0) -> 0
A52: N4-R · Đọc · 15 phút làm | I52: =IF(ISBLANK(B97),0,IF(ISNUMBER(B97),IF(AND(B97>=0,B97<=4,MOD(B97,1)=0),1,-1),-1)) -> 0 | J52: =IF(I52=1,IF(B97='Chẩn đoán'!N44,1,0),0) -> 0
A53: Nguồn JLPT | B53: Mở đề | E53: Khóa sau khi làm | I53: =IF(ISBLANK(C97),0,IF(ISNUMBER(C97),IF(AND(C97>=0,C97<=4,MOD(C97,1)=0),1,-1),-1)) -> 0 | J53: =IF(I53=1,IF(C97='Chẩn đoán'!N45,1,0),0) -> 0
A54: Câu | B54: 26 | C54: 30 | D54: 31 | E54: 32 | F54: 33 | I54: =IF(ISBLANK(D97),0,IF(ISNUMBER(D97),IF(AND(D97>=0,D97<=4,MOD(D97,1)=0),1,-1),-1)) -> 0 | J54: =IF(I54=1,IF(D97='Chẩn đoán'!N46,1,0),0) -> 0
A55: Bạn chọn | I55: =IF(ISBLANK(E97),0,IF(ISNUMBER(E97),IF(AND(E97>=0,E97<=4,MOD(E97,1)=0),1,-1),-1)) -> 0 | J55: =IF(I55=1,IF(E97='Chẩn đoán'!N47,1,0),0) -> 0
I56: =IF(ISBLANK(F97),0,IF(ISNUMBER(F97),IF(AND(F97>=0,F97<=4,MOD(F97,1)=0),1,-1),-1)) -> 0 | J56: =IF(I56=1,IF(F97='Chẩn đoán'!N48,1,0),0) -> 0
I57: =IF(ISBLANK(G97),0,IF(ISNUMBER(G97),IF(AND(G97>=0,G97<=4,MOD(G97,1)=0),1,-1),-1)) -> 0 | J57: =IF(I57=1,IF(G97='Chẩn đoán'!N49,1,0),0) -> 0
A58: Ngày thật | C58: Phút làm | E58: Loại câu | I58: =IF(ISBLANK(B111),0,IF(ISNUMBER(B111),IF(AND(B111>=0,B111<=4,MOD(B111,1)=0),1,-1),-1)) -> 0 | J58: =IF(I58=1,IF(B111='Chẩn đoán'!N50,1,0),0) -> 0
A59: Chấm sau giờ | D59: Dở dang: để nguyên; chưa chọn Xong. | I59: =IF(ISBLANK(C111),0,IF(ISNUMBER(C111),IF(AND(C111>=0,C111<=4,MOD(C111,1)=0),1,-1),-1)) -> 0 | J59: =IF(I59=1,IF(C111='Chẩn đoán'!N51,1,0),0) -> 0
A60: Trạng thái | B60: =P175 -> Chưa làm | I60: =IF(ISBLANK(D111),0,IF(ISNUMBER(D111),IF(AND(D111>=0,D111<=4,MOD(D111,1)=0),1,-1),-1)) -> 0 | J60: =IF(I60=1,IF(D111='Chẩn đoán'!N52,1,0),0) -> 0
A61: Kết quả | B61: =IF(AND(B59="Xong",R175=K175,S175=0),T175&"/"&K175&" đúng; 0 vẫn tính bỏ câu","Đã ghi "&R175&"/"&K175&"; chưa hiện điểm") -> Đã ghi 0/5; chưa hiện điểm | I61: =IF(ISBLANK(E111),0,IF(ISNUMBER(E111),IF(AND(E111>=0,E111<=4,MOD(E111,1)=0),1,-1),-1)) -> 0 | J61: =IF(I61=1,IF(E111='Chẩn đoán'!N53,1,0),0) -> 0
A62: Câu cần sửa | B62: =IF(AND(B59="Xong",R175=K175,S175=0),IF(X175="","Không có câu sai/bỏ",X175),"Chỉ hiện sau khi làm xong") -> Chỉ hiện sau khi làm xong | I62: =IF(ISBLANK(F111),0,IF(ISNUMBER(F111),IF(AND(F111>=0,F111<=4,MOD(F111,1)=0),1,-1),-1)) -> 0 | J62: =IF(I62=1,IF(F111='Chẩn đoán'!N54,1,0),0) -> 0
A63: Lỗi chính | E63: Xem tuần | I63: =IF(ISBLANK(G111),0,IF(ISNUMBER(G111),IF(AND(G111>=0,G111<=4,MOD(G111,1)=0),1,-1),-1)) -> 0 | J63: =IF(I63=1,IF(G111='Chẩn đoán'!N55,1,0),0) -> 0
A64: Tiếp theo | B64: =IF(P175="Đã chấm","Chọn 1 lỗi để chữa 5-10 phút rồi dừng.",IF(P175="Trùng hai chế độ","Giữ lịch sử ở Chẩn đoán; xóa bản nhập trùng ở đây.","Hoàn tất khi đủ sức; không ép làm khối tiếp.")) -> Hoàn tất khi đủ sức; không ép làm khối tiếp. | I64: =IF(ISBLANK(B113),0,IF(ISNUMBER(B113),IF(AND(B113>=0,B113<=4,MOD(B113,1)=0),1,-1),-1)) -> 0 | J64: =IF(I64=1,IF(B113='Chẩn đoán'!N56,1,0),0) -> 0
I65: =IF(ISBLANK(C113),0,IF(ISNUMBER(C113),IF(AND(C113>=0,C113<=4,MOD(C113,1)=0),1,-1),-1)) -> 0 | J65: =IF(I65=1,IF(C113='Chẩn đoán'!N57,1,0),0) -> 0
A66: N4-L1 · Nghe · 10 phút làm | I66: =IF(ISBLANK(D113),0,IF(ISNUMBER(D113),IF(AND(D113>=0,D113<=4,MOD(D113,1)=0),1,-1),-1)) -> 0 | J66: =IF(I66=1,IF(D113='Chẩn đoán'!N58,1,0),0) -> 0
A67: Nguồn JLPT | B67: Mở đề | E67: Khóa sau khi làm | I67: =IF(ISBLANK(E113),0,IF(ISNUMBER(E113),IF(AND(E113>=0,E113<=4,MOD(E113,1)=0),1,-1),-1)) -> 0 | J67: =IF(I67=1,IF(E113='Chẩn đoán'!N59,1,0),0) -> 0
A68: Câu | B68: M1-1 | C68: M1-2 | D68: M2-1 | E68: M2-2 | I68: =IF(ISBLANK(B125),0,IF(ISNUMBER(B125),IF(AND(B125>=0,B125<=4,MOD(B125,1)=0),1,-1),-1)) -> 0 | J68: =IF(I68=1,IF(B125='Chẩn đoán'!N60,1,0),0) -> 0
A69: Bạn chọn | I69: =IF(ISBLANK(C125),0,IF(ISNUMBER(C125),IF(AND(C125>=0,C125<=4,MOD(C125,1)=0),1,-1),-1)) -> 0 | J69: =IF(I69=1,IF(C125='Chẩn đoán'!N61,1,0),0) -> 0
I70: =IF(ISBLANK(D125),0,IF(ISNUMBER(D125),IF(AND(D125>=0,D125<=4,MOD(D125,1)=0),1,-1),-1)) -> 0 | J70: =IF(I70=1,IF(D125='Chẩn đoán'!N62,1,0),0) -> 0
I71: =IF(ISBLANK(E125),0,IF(ISNUMBER(E125),IF(AND(E125>=0,E125<=4,MOD(E125,1)=0),1,-1),-1)) -> 0 | J71: =IF(I71=1,IF(E125='Chẩn đoán'!N63,1,0),0) -> 0
A72: Ngày thật | C72: Phút làm | E72: Loại câu | I72: =IF(ISBLANK(B139),0,IF(ISNUMBER(B139),IF(AND(B139>=0,B139<=4,MOD(B139,1)=0),1,-1),-1)) -> 0 | J72: =IF(I72=1,IF(B139='Chẩn đoán'!N64,1,0),0) -> 0
A73: Chấm sau giờ | D73: Dở dang: để nguyên; chưa chọn Xong. | I73: =IF(ISBLANK(C139),0,IF(ISNUMBER(C139),IF(AND(C139>=0,C139<=4,MOD(C139,1)=0),1,-1),-1)) -> 0 | J73: =IF(I73=1,IF(C139='Chẩn đoán'!N65,1,0),0) -> 0
A74: Trạng thái | B74: =P176 -> Chưa làm | I74: =IF(ISBLANK(D139),0,IF(ISNUMBER(D139),IF(AND(D139>=0,D139<=4,MOD(D139,1)=0),1,-1),-1)) -> 0 | J74: =IF(I74=1,IF(D139='Chẩn đoán'!N66,1,0),0) -> 0
A75: Kết quả | B75: =IF(AND(B73="Xong",R176=K176,S176=0),T176&"/"&K176&" đúng; 0 vẫn tính bỏ câu","Đã ghi "&R176&"/"&K176&"; chưa hiện điểm") -> Đã ghi 0/4; chưa hiện điểm | I75: =IF(ISBLANK(E139),0,IF(ISNUMBER(E139),IF(AND(E139>=0,E139<=4,MOD(E139,1)=0),1,-1),-1)) -> 0 | J75: =IF(I75=1,IF(E139='Chẩn đoán'!N67,1,0),0) -> 0
A76: Câu cần sửa | B76: =IF(AND(B73="Xong",R176=K176,S176=0),IF(X176="","Không có câu sai/bỏ",X176),"Chỉ hiện sau khi làm xong") -> Chỉ hiện sau khi làm xong | I76: =IF(ISBLANK(B153),0,IF(ISNUMBER(B153),IF(AND(B153>=0,B153<=4,MOD(B153,1)=0),1,-1),-1)) -> 0 | J76: =IF(I76=1,IF(B153='Chẩn đoán'!N68,1,0),0) -> 0
A77: Lỗi chính | E77: Xem tuần | I77: =IF(ISBLANK(C153),0,IF(ISNUMBER(C153),IF(AND(C153>=0,C153<=4,MOD(C153,1)=0),1,-1),-1)) -> 0 | J77: =IF(I77=1,IF(C153='Chẩn đoán'!N69,1,0),0) -> 0
A78: Tiếp theo | B78: =IF(P176="Đã chấm","Chọn 1 lỗi để chữa 5-10 phút rồi dừng.",IF(P176="Trùng hai chế độ","Giữ lịch sử ở Chẩn đoán; xóa bản nhập trùng ở đây.","Hoàn tất khi đủ sức; không ép làm khối tiếp.")) -> Hoàn tất khi đủ sức; không ép làm khối tiếp. | I78: =IF(ISBLANK(D153),0,IF(ISNUMBER(D153),IF(AND(D153>=0,D153<=3,MOD(D153,1)=0),1,-1),-1)) -> 0 | J78: =IF(I78=1,IF(D153='Chẩn đoán'!N70,1,0),0) -> 0
I79: =IF(ISBLANK(E153),0,IF(ISNUMBER(E153),IF(AND(E153>=0,E153<=3,MOD(E153,1)=0),1,-1),-1)) -> 0 | J79: =IF(I79=1,IF(E153='Chẩn đoán'!N71,1,0),0) -> 0
A80: N4-L2 · Nghe · 8 phút làm | I80: =IF(ISBLANK(F153),0,IF(ISNUMBER(F153),IF(AND(F153>=0,F153<=3,MOD(F153,1)=0),1,-1),-1)) -> 0 | J80: =IF(I80=1,IF(F153='Chẩn đoán'!N72,1,0),0) -> 0
A81: Nguồn JLPT | B81: Mở đề | E81: Khóa sau khi làm | I81: =IF(ISBLANK(G153),0,IF(ISNUMBER(G153),IF(AND(G153>=0,G153<=3,MOD(G153,1)=0),1,-1),-1)) -> 0 | J81: =IF(I81=1,IF(G153='Chẩn đoán'!N73,1,0),0) -> 0
A82: Câu | B82: M3-1 | C82: M3-2 | D82: M4-1 | E82: M4-2
A83: Bạn chọn
A86: Ngày thật | C86: Phút làm | E86: Loại câu
A87: Chấm sau giờ | D87: Dở dang: để nguyên; chưa chọn Xong.
A88: Trạng thái | B88: =P177 -> Chưa làm
A89: Kết quả | B89: =IF(AND(B87="Xong",R177=K177,S177=0),T177&"/"&K177&" đúng; 0 vẫn tính bỏ câu","Đã ghi "&R177&"/"&K177&"; chưa hiện điểm") -> Đã ghi 0/4; chưa hiện điểm
A90: Câu cần sửa | B90: =IF(AND(B87="Xong",R177=K177,S177=0),IF(X177="","Không có câu sai/bỏ",X177),"Chỉ hiện sau khi làm xong") -> Chỉ hiện sau khi làm xong
A91: Lỗi chính | E91: Xem tuần
A92: Tiếp theo | B92: =IF(P177="Đã chấm","Chọn 1 lỗi để chữa 5-10 phút rồi dừng.",IF(P177="Trùng hai chế độ","Giữ lịch sử ở Chẩn đoán; xóa bản nhập trùng ở đây.","Hoàn tất khi đủ sức; không ép làm khối tiếp.")) -> Hoàn tất khi đủ sức; không ép làm khối tiếp.
A94: N3-G · Ngữ pháp · 7 phút làm
A95: Nguồn JLPT | B95: Mở đề | E95: Khóa sau khi làm
A96: Câu | B96: 1 | C96: 2 | D96: 3 | E96: 4 | F96: 14 | G96: 15
A97: Bạn chọn
A100: Ngày thật | C100: Phút làm | E100: Loại câu
A101: Chấm sau giờ | D101: Dở dang: để nguyên; chưa chọn Xong.
A102: Trạng thái | B102: =P178 -> Chưa làm
A103: Kết quả | B103: =IF(AND(B101="Xong",R178=K178,S178=0),T178&"/"&K178&" đúng; 0 vẫn tính bỏ câu","Đã ghi "&R178&"/"&K178&"; chưa hiện điểm") -> Đã ghi 0/6; chưa hiện điểm
A104: Câu cần sửa | B104: =IF(AND(B101="Xong",R178=K178,S178=0),IF(X178="","Không có câu sai/bỏ",X178),"Chỉ hiện sau khi làm xong") -> Chỉ hiện sau khi làm xong
A105: Lỗi chính | E105: Xem tuần
A106: Tiếp theo | B106: =IF(P178="Đã chấm","Chọn 1 lỗi để chữa 5-10 phút rồi dừng.",IF(P178="Trùng hai chế độ","Giữ lịch sử ở Chẩn đoán; xóa bản nhập trùng ở đây.","Hoàn tất khi đủ sức; không ép làm khối tiếp.")) -> Hoàn tất khi đủ sức; không ép làm khối tiếp.
A108: N3-V · Từ và kanji · 8 phút làm
A109: Nguồn JLPT | B109: Mở đề | E109: Khóa sau khi làm
A110: Câu | B110: 1 | C110: 2 | D110: 9 | E110: 10 | F110: 15 | G110: 16
A111: Bạn chọn
...

Sheet Nhật ký
A2: Nhật ký tiếng Nhật từ 15 tháng 10 đến 5 tháng 12 năm 2026
A4: Ngày có ghi | B4: =COUNT(E8:E59) -> 0 | C4: Phút học | D4: =IF(COUNT(E8:E59)=0,"",SUM(E8:E59)) | E4: Phút nghe | F4: =IF(COUNT(F8:F59)=0,"",SUM(F8:F59)) | G4: Phút nói | H4: =IF(COUNT(G8:G59)=0,"",SUM(G8:G59))
A5: Ô vàng để nhập. Chưa biết để trống; nghỉ thật nhập 0 phút. Ngủ là tổng 24 giờ, gồm ngủ bù.
A6: Nhập chế độ và tổng phút; thêm nghe/nói nếu biết. Mã lỗi ở I. Cột J trở đi tự kiểm tra.
A7: Ngày | B7: Ngủ 24h (giờ) | C7: Mệt 1 đến 5 | D7: Chế độ | E7: Học (phút) | F7: Nghe (phút) | G7: Nói (phút) | H7: Một lỗi hoặc việc tiếp theo | I7: Mã lỗi chính | J7: Kiểm tra dòng | K7: Có giờ ngủ | L7: Có mức mệt | M7: Có phút nghe | N7: Có phút nói | O7: Đã ghi phút học
A8: 46310 | J8: =IF(AND(COUNTA(B8:I8)=0),"",IF(OR(AND(NOT(ISBLANK(B8)),OR(NOT(ISNUMBER(B8)),B8<0,B8>24)),AND(NOT(ISBLANK(C8)),IF(ISNUMBER(C8),OR(C8<1,C8>5,MOD(C8,1)<>0),TRUE))),"Lỗi ngủ/mệt",IF(NOT(ISNUMBER(E8)),"Thiếu tổng phút",IF(OR(E8<0,OR(AND(NOT(ISBLANK(F8)),OR(NOT(ISNUMBER(F8)),F8<0)),AND(NOT(ISBLANK(G8)),OR(NOT(ISNUMBER(G8)),G8<0)))),"Lỗi phút",IF(SUM(F8:G8)>E8,"Nghe+nói vượt tổng",IF(AND(D8<>"Nghỉ",D8<>"Kiệt sức",D8<>"Bình thường",D8<>"Đủ sức"),"Thiếu chế độ",IF(AND(LEN(I8)>0,COUNTIF($I$63:$I$69,I8)=0),"Lỗi mã","Hợp lệ"))))))) | K8: =IF(AND(ISNUMBER(B8),B8>=0,B8<=24),1,0) -> 0 | L8: =IF(ISNUMBER(C8),IF(AND(C8>=1,C8<=5,MOD(C8,1)=0),1,0),0) -> 0 | M8: =IF(AND(J8="Hợp lệ",ISNUMBER(F8)),1,0) -> 0 | N8: =IF(AND(J8="Hợp lệ",ISNUMBER(G8)),1,0) -> 0 | O8: =IF(J8="Hợp lệ",1,0) -> 0
A9: 46311 | J9: =IF(AND(COUNTA(B9:I9)=0),"",IF(OR(AND(NOT(ISBLANK(B9)),OR(NOT(ISNUMBER(B9)),B9<0,B9>24)),AND(NOT(ISBLANK(C9)),IF(ISNUMBER(C9),OR(C9<1,C9>5,MOD(C9,1)<>0),TRUE))),"Lỗi ngủ/mệt",IF(NOT(ISNUMBER(E9)),"Thiếu tổng phút",IF(OR(E9<0,OR(AND(NOT(ISBLANK(F9)),OR(NOT(ISNUMBER(F9)),F9<0)),AND(NOT(ISBLANK(G9)),OR(NOT(ISNUMBER(G9)),G9<0)))),"Lỗi phút",IF(SUM(F9:G9)>E9,"Nghe+nói vượt tổng",IF(AND(D9<>"Nghỉ",D9<>"Kiệt sức",D9<>"Bình thường",D9<>"Đủ sức"),"Thiếu chế độ",IF(AND(LEN(I9)>0,COUNTIF($I$63:$I$69,I9)=0),"Lỗi mã","Hợp lệ"))))))) | K9: =IF(AND(ISNUMBER(B9),B9>=0,B9<=24),1,0) -> 0 | L9: =IF(ISNUMBER(C9),IF(AND(C9>=1,C9<=5,MOD(C9,1)=0),1,0),0) -> 0 | M9: =IF(AND(J9="Hợp lệ",ISNUMBER(F9)),1,0) -> 0 | N9: =IF(AND(J9="Hợp lệ",ISNUMBER(G9)),1,0) -> 0 | O9: =IF(J9="Hợp lệ",1,0) -> 0
A10: 46312 | J10: =IF(AND(COUNTA(B10:I10)=0),"",IF(OR(AND(NOT(ISBLANK(B10)),OR(NOT(ISNUMBER(B10)),B10<0,B10>24)),AND(NOT(ISBLANK(C10)),IF(ISNUMBER(C10),OR(C10<1,C10>5,MOD(C10,1)<>0),TRUE))),"Lỗi ngủ/mệt",IF(NOT(ISNUMBER(E10)),"Thiếu tổng phút",IF(OR(E10<0,OR(AND(NOT(ISBLANK(F10)),OR(NOT(ISNUMBER(F10)),F10<0)),AND(NOT(ISBLANK(G10)),OR(NOT(ISNUMBER(G10)),G10<0)))),"Lỗi phút",IF(SUM(F10:G10)>E10,"Nghe+nói vượt tổng",IF(AND(D10<>"Nghỉ",D10<>"Kiệt sức",D10<>"Bình thường",D10<>"Đủ sức"),"Thiếu chế độ",IF(AND(LEN(I10)>0,COUNTIF($I$63:$I$69,I10)=0),"Lỗi mã","Hợp lệ"))))))) | K10: =IF(AND(ISNUMBER(B10),B10>=0,B10<=24),1,0) -> 0 | L10: =IF(ISNUMBER(C10),IF(AND(C10>=1,C10<=5,MOD(C10,1)=0),1,0),0) -> 0 | M10: =IF(AND(J10="Hợp lệ",ISNUMBER(F10)),1,0) -> 0 | N10: =IF(AND(J10="Hợp lệ",ISNUMBER(G10)),1,0) -> 0 | O10: =IF(J10="Hợp lệ",1,0) -> 0
A11: 46313 | J11: =IF(AND(COUNTA(B11:I11)=0),"",IF(OR(AND(NOT(ISBLANK(B11)),OR(NOT(ISNUMBER(B11)),B11<0,B11>24)),AND(NOT(ISBLANK(C11)),IF(ISNUMBER(C11),OR(C11<1,C11>5,MOD(C11,1)<>0),TRUE))),"Lỗi ngủ/mệt",IF(NOT(ISNUMBER(E11)),"Thiếu tổng phút",IF(OR(E11<0,OR(AND(NOT(ISBLANK(F11)),OR(NOT(ISNUMBER(F11)),F11<0)),AND(NOT(ISBLANK(G11)),OR(NOT(ISNUMBER(G11)),G11<0)))),"Lỗi phút",IF(SUM(F11:G11)>E11,"Nghe+nói vượt tổng",IF(AND(D11<>"Nghỉ",D11<>"Kiệt sức",D11<>"Bình thường",D11<>"Đủ sức"),"Thiếu chế độ",IF(AND(LEN(I11)>0,COUNTIF($I$63:$I$69,I11)=0),"Lỗi mã","Hợp lệ"))))))) | K11: =IF(AND(ISNUMBER(B11),B11>=0,B11<=24),1,0) -> 0 | L11: =IF(ISNUMBER(C11),IF(AND(C11>=1,C11<=5,MOD(C11,1)=0),1,0),0) -> 0 | M11: =IF(AND(J11="Hợp lệ",ISNUMBER(F11)),1,0) -> 0 | N11: =IF(AND(J11="Hợp lệ",ISNUMBER(G11)),1,0) -> 0 | O11: =IF(J11="Hợp lệ",1,0) -> 0
A12: 46314 | J12: =IF(AND(COUNTA(B12:I12)=0),"",IF(OR(AND(NOT(ISBLANK(B12)),OR(NOT(ISNUMBER(B12)),B12<0,B12>24)),AND(NOT(ISBLANK(C12)),IF(ISNUMBER(C12),OR(C12<1,C12>5,MOD(C12,1)<>0),TRUE))),"Lỗi ngủ/mệt",IF(NOT(ISNUMBER(E12)),"Thiếu tổng phút",IF(OR(E12<0,OR(AND(NOT(ISBLANK(F12)),OR(NOT(ISNUMBER(F12)),F12<0)),AND(NOT(ISBLANK(G12)),OR(NOT(ISNUMBER(G12)),G12<0)))),"Lỗi phút",IF(SUM(F12:G12)>E12,"Nghe+nói vượt tổng",IF(AND(D12<>"Nghỉ",D12<>"Kiệt sức",D12<>"Bình thường",D12<>"Đủ sức"),"Thiếu chế độ",IF(AND(LEN(I12)>0,COUNTIF($I$63:$I$69,I12)=0),"Lỗi mã","Hợp lệ"))))))) | K12: =IF(AND(ISNUMBER(B12),B12>=0,B12<=24),1,0) -> 0 | L12: =IF(ISNUMBER(C12),IF(AND(C12>=1,C12<=5,MOD(C12,1)=0),1,0),0) -> 0 | M12: =IF(AND(J12="Hợp lệ",ISNUMBER(F12)),1,0) -> 0 | N12: =IF(AND(J12="Hợp lệ",ISNUMBER(G12)),1,0) -> 0 | O12: =IF(J12="Hợp lệ",1,0) -> 0
A13: 46315 | J13: =IF(AND(COUNTA(B13:I13)=0),"",IF(OR(AND(NOT(ISBLANK(B13)),OR(NOT(ISNUMBER(B13)),B13<0,B13>24)),AND(NOT(ISBLANK(C13)),IF(ISNUMBER(C13),OR(C13<1,C13>5,MOD(C13,1)<>0),TRUE))),"Lỗi ngủ/mệt",IF(NOT(ISNUMBER(E13)),"Thiếu tổng phút",IF(OR(E13<0,OR(AND(NOT(ISBLANK(F13)),OR(NOT(ISNUMBER(F13)),F13<0)),AND(NOT(ISBLANK(G13)),OR(NOT(ISNUMBER(G13)),G13<0)))),"Lỗi phút",IF(SUM(F13:G13)>E13,"Nghe+nói vượt tổng",IF(AND(D13<>"Nghỉ",D13<>"Kiệt sức",D13<>"Bình thường",D13<>"Đủ sức"),"Thiếu chế độ",IF(AND(LEN(I13)>0,COUNTIF($I$63:$I$69,I13)=0),"Lỗi mã","Hợp lệ"))))))) | K13: =IF(AND(ISNUMBER(B13),B13>=0,B13<=24),1,0) -> 0 | L13: =IF(ISNUMBER(C13),IF(AND(C13>=1,C13<=5,MOD(C13,1)=0),1,0),0) -> 0 | M13: =IF(AND(J13="Hợp lệ",ISNUMBER(F13)),1,0) -> 0 | N13: =IF(AND(J13="Hợp lệ",ISNUMBER(G13)),1,0) -> 0 | O13: =IF(J13="Hợp lệ",1,0) -> 0
A14: 46316 | J14: =IF(AND(COUNTA(B14:I14)=0),"",IF(OR(AND(NOT(ISBLANK(B14)),OR(NOT(ISNUMBER(B14)),B14<0,B14>24)),AND(NOT(ISBLANK(C14)),IF(ISNUMBER(C14),OR(C14<1,C14>5,MOD(C14,1)<>0),TRUE))),"Lỗi ngủ/mệt",IF(NOT(ISNUMBER(E14)),"Thiếu tổng phút",IF(OR(E14<0,OR(AND(NOT(ISBLANK(F14)),OR(NOT(ISNUMBER(F14)),F14<0)),AND(NOT(ISBLANK(G14)),OR(NOT(ISNUMBER(G14)),G14<0)))),"Lỗi phút",IF(SUM(F14:G14)>E14,"Nghe+nói vượt tổng",IF(AND(D14<>"Nghỉ",D14<>"Kiệt sức",D14<>"Bình thường",D14<>"Đủ sức"),"Thiếu chế độ",IF(AND(LEN(I14)>0,COUNTIF($I$63:$I$69,I14)=0),"Lỗi mã","Hợp lệ"))))))) | K14: =IF(AND(ISNUMBER(B14),B14>=0,B14<=24),1,0) -> 0 | L14: =IF(ISNUMBER(C14),IF(AND(C14>=1,C14<=5,MOD(C14,1)=0),1,0),0) -> 0 | M14: =IF(AND(J14="Hợp lệ",ISNUMBER(F14)),1,0) -> 0 | N14: =IF(AND(J14="Hợp lệ",ISNUMBER(G14)),1,0) -> 0 | O14: =IF(J14="Hợp lệ",1,0) -> 0
A15: 46317 | J15: =IF(AND(COUNTA(B15:I15)=0),"",IF(OR(AND(NOT(ISBLANK(B15)),OR(NOT(ISNUMBER(B15)),B15<0,B15>24)),AND(NOT(ISBLANK(C15)),IF(ISNUMBER(C15),OR(C15<1,C15>5,MOD(C15,1)<>0),TRUE))),"Lỗi ngủ/mệt",IF(NOT(ISNUMBER(E15)),"Thiếu tổng phút",IF(OR(E15<0,OR(AND(NOT(ISBLANK(F15)),OR(NOT(ISNUMBER(F15)),F15<0)),AND(NOT(ISBLANK(G15)),OR(NOT(ISNUMBER(G15)),G15<0)))),"Lỗi phút",IF(SUM(F15:G15)>E15,"Nghe+nói vượt tổng",IF(AND(D15<>"Nghỉ",D15<>"Kiệt sức",D15<>"Bình thường",D15<>"Đủ sức"),"Thiếu chế độ",IF(AND(LEN(I15)>0,COUNTIF($I$63:$I$69,I15)=0),"Lỗi mã","Hợp lệ"))))))) | K15: =IF(AND(ISNUMBER(B15),B15>=0,B15<=24),1,0) -> 0 | L15: =IF(ISNUMBER(C15),IF(AND(C15>=1,C15<=5,MOD(C15,1)=0),1,0),0) -> 0 | M15: =IF(AND(J15="Hợp lệ",ISNUMBER(F15)),1,0) -> 0 | N15: =IF(AND(J15="Hợp lệ",ISNUMBER(G15)),1,0) -> 0 | O15: =IF(J15="Hợp lệ",1,0) -> 0
A16: 46318 | J16: =IF(AND(COUNTA(B16:I16)=0),"",IF(OR(AND(NOT(ISBLANK(B16)),OR(NOT(ISNUMBER(B16)),B16<0,B16>24)),AND(NOT(ISBLANK(C16)),IF(ISNUMBER(C16),OR(C16<1,C16>5,MOD(C16,1)<>0),TRUE))),"Lỗi ngủ/mệt",IF(NOT(ISNUMBER(E16)),"Thiếu tổng phút",IF(OR(E16<0,OR(AND(NOT(ISBLANK(F16)),OR(NOT(ISNUMBER(F16)),F16<0)),AND(NOT(ISBLANK(G16)),OR(NOT(ISNUMBER(G16)),G16<0)))),"Lỗi phút",IF(SUM(F16:G16)>E16,"Nghe+nói vượt tổng",IF(AND(D16<>"Nghỉ",D16<>"Kiệt sức",D16<>"Bình thường",D16<>"Đủ sức"),"Thiếu chế độ",IF(AND(LEN(I16)>0,COUNTIF($I$63:$I$69,I16)=0),"Lỗi mã","Hợp lệ"))))))) | K16: =IF(AND(ISNUMBER(B16),B16>=0,B16<=24),1,0) -> 0 | L16: =IF(ISNUMBER(C16),IF(AND(C16>=1,C16<=5,MOD(C16,1)=0),1,0),0) -> 0 | M16: =IF(AND(J16="Hợp lệ",ISNUMBER(F16)),1,0) -> 0 | N16: =IF(AND(J16="Hợp lệ",ISNUMBER(G16)),1,0) -> 0 | O16: =IF(J16="Hợp lệ",1,0) -> 0
A17: 46319 | J17: =IF(AND(COUNTA(B17:I17)=0),"",IF(OR(AND(NOT(ISBLANK(B17)),OR(NOT(ISNUMBER(B17)),B17<0,B17>24)),AND(NOT(ISBLANK(C17)),IF(ISNUMBER(C17),OR(C17<1,C17>5,MOD(C17,1)<>0),TRUE))),"Lỗi ngủ/mệt",IF(NOT(ISNUMBER(E17)),"Thiếu tổng phút",IF(OR(E17<0,OR(AND(NOT(ISBLANK(F17)),OR(NOT(ISNUMBER(F17)),F17<0)),AND(NOT(ISBLANK(G17)),OR(NOT(ISNUMBER(G17)),G17<0)))),"Lỗi phút",IF(SUM(F17:G17)>E17,"Nghe+nói vượt tổng",IF(AND(D17<>"Nghỉ",D17<>"Kiệt sức",D17<>"Bình thường",D17<>"Đủ sức"),"Thiếu chế độ",IF(AND(LEN(I17)>0,COUNTIF($I$63:$I$69,I17)=0),"Lỗi mã","Hợp lệ"))))))) | K17: =IF(AND(ISNUMBER(B17),B17>=0,B17<=24),1,0) -> 0 | L17: =IF(ISNUMBER(C17),IF(AND(C17>=1,C17<=5,MOD(C17,1)=0),1,0),0) -> 0 | M17: =IF(AND(J17="Hợp lệ",ISNUMBER(F17)),1,0) -> 0 | N17: =IF(AND(J17="Hợp lệ",ISNUMBER(G17)),1,0) -> 0 | O17: =IF(J17="Hợp lệ",1,0) -> 0
A18: 46320 | J18: =IF(AND(COUNTA(B18:I18)=0),"",IF(OR(AND(NOT(ISBLANK(B18)),OR(NOT(ISNUMBER(B18)),B18<0,B18>24)),AND(NOT(ISBLANK(C18)),IF(ISNUMBER(C18),OR(C18<1,C18>5,MOD(C18,1)<>0),TRUE))),"Lỗi ngủ/mệt",IF(NOT(ISNUMBER(E18)),"Thiếu tổng phút",IF(OR(E18<0,OR(AND(NOT(ISBLANK(F18)),OR(NOT(ISNUMBER(F18)),F18<0)),AND(NOT(ISBLANK(G18)),OR(NOT(ISNUMBER(G18)),G18<0)))),"Lỗi phút",IF(SUM(F18:G18)>E18,"Nghe+nói vượt tổng",IF(AND(D18<>"Nghỉ",D18<>"Kiệt sức",D18<>"Bình thường",D18<>"Đủ sức"),"Thiếu chế độ",IF(AND(LEN(I18)>0,COUNTIF($I$63:$I$69,I18)=0),"Lỗi mã","Hợp lệ"))))))) | K18: =IF(AND(ISNUMBER(B18),B18>=0,B18<=24),1,0) -> 0 | L18: =IF(ISNUMBER(C18),IF(AND(C18>=1,C18<=5,MOD(C18,1)=0),1,0),0) -> 0 | M18: =IF(AND(J18="Hợp lệ",ISNUMBER(F18)),1,0) -> 0 | N18: =IF(AND(J18="Hợp lệ",ISNUMBER(G18)),1,0) -> 0 | O18: =IF(J18="Hợp lệ",1,0) -> 0
A19: 46321 | J19: =IF(AND(COUNTA(B19:I19)=0),"",IF(OR(AND(NOT(ISBLANK(B19)),OR(NOT(ISNUMBER(B19)),B19<0,B19>24)),AND(NOT(ISBLANK(C19)),IF(ISNUMBER(C19),OR(C19<1,C19>5,MOD(C19,1)<>0),TRUE))),"Lỗi ngủ/mệt",IF(NOT(ISNUMBER(E19)),"Thiếu tổng phút",IF(OR(E19<0,OR(AND(NOT(ISBLANK(F19)),OR(NOT(ISNUMBER(F19)),F19<0)),AND(NOT(ISBLANK(G19)),OR(NOT(ISNUMBER(G19)),G19<0)))),"Lỗi phút",IF(SUM(F19:G19)>E19,"Nghe+nói vượt tổng",IF(AND(D19<>"Nghỉ",D19<>"Kiệt sức",D19<>"Bình thường",D19<>"Đủ sức"),"Thiếu chế độ",IF(AND(LEN(I19)>0,COUNTIF($I$63:$I$69,I19)=0),"Lỗi mã","Hợp lệ"))))))) | K19: =IF(AND(ISNUMBER(B19),B19>=0,B19<=24),1,0) -> 0 | L19: =IF(ISNUMBER(C19),IF(AND(C19>=1,C19<=5,MOD(C19,1)=0),1,0),0) -> 0 | M19: =IF(AND(J19="Hợp lệ",ISNUMBER(F19)),1,0) -> 0 | N19: =IF(AND(J19="Hợp lệ",ISNUMBER(G19)),1,0) -> 0 | O19: =IF(J19="Hợp lệ",1,0) -> 0
... A59: 46361 | J59: =IF(AND(COUNTA(B59:I59)=0),"",IF(OR(AND(NOT(ISBLANK(B59)),OR(NOT(ISNUMBER(B59)),B59<0,B59>24)),AND(NOT(ISBLANK(C59)),IF(ISNUMBER(C59),OR(C59<1,C59>5,MOD(C59,1)<>0),TRUE))),"Lỗi ngủ/mệt",IF(NOT(ISNUMBER(E59)),"Thiếu tổng phút",IF(OR(E59<0,OR(AND(NOT(ISBLANK(F59)),OR(NOT(ISNUMBER(F59)),F59<0)),AND(NOT(ISBLANK(G59)),OR(NOT(ISNUMBER(G59)),G59<0)))),"Lỗi phút",IF(SUM(F59:G59)>E59,"Nghe+nói vượt tổng",IF(AND(D59<>"Nghỉ",D59<>"Kiệt sức",D59<>"Bình thường",D59<>"Đủ sức"),"Thiếu chế độ",IF(AND(LEN(I59)>0,COUNTIF($I$63:$I$69,I59)=0),"Lỗi mã","Hợp lệ"))))))) | K59: =IF(AND(ISNUMBER(B59),B59>=0,B59<=24),1,0) -> 0 | L59: =IF(ISNUMBER(C59),IF(AND(C59>=1,C59<=5,MOD(C59,1)=0),1,0),0) -> 0 | M59: =IF(AND(J59="Hợp lệ",ISNUMBER(F59)),1,0) -> 0 | N59: =IF(AND(J59="Hợp lệ",ISNUMBER(G59)),1,0) -> 0 | O59: =IF(J59="Hợp lệ",1,0) -> 0
I62: Mã | J62: Ý nghĩa
I63: V | J63: Từ và kanji
I64: G | J64: Ngữ pháp
I65: R | J65: Nối ý đọc
I66: A | J66: Nhận diện âm
I67: M | J67: Giữ thông tin
I68: T | J68: Thời gian
I69: F | J69: Mệt/gián đoạn

Sheet Đo năng lực
A2: Đo năng lực bằng câu mới và ôn lại lỗi
A4: Tỷ lệ đúng thô không đổi thành điểm JLPT. Chỉ dùng các hàng Mới để quyết định tăng độ khó.
A5: Ô vàng tự nhập; sửa ngày dự kiến theo ngày thật. START18 cuối bảng tự tổng hợp, không nhập lặp.
A6: Chỉ hàng Mới, hợp lệ đi vào tổng hợp tuần. K là mã lỗi; L nêu dữ liệu cần sửa. Không đổi sang điểm JLPT.
A7: Ngày đo | B7: Cấp | C7: Kỹ năng | D7: Mã cuốn / phần / câu | E7: Loại câu | F7: Số đúng | G7: Tổng câu | H7: Phút làm | I7: Tỷ lệ đúng | J7: Lỗi chính hoặc quyết định | K7: Mã lỗi chính | L7: Kiểm tra dòng
A8: 46310 | B8: N4 | C8: Từ và kanji | I8: =IF(OR(ISBLANK(F8),ISBLANK(G8)),"",IF(OR(NOT(ISNUMBER(F8)),NOT(ISNUMBER(G8))),"Lỗi nhập",IF(OR(G8<=0,F8<0,F8>G8),"Lỗi nhập",F8/G8))) | L8: =IF(NOT(OR(COUNT(F8:H8)>0,LEN(F8&G8&H8)>0)),"",IF(NOT(ISNUMBER(I8)),"Lỗi/thiếu số đúng-tổng",IF(OR(MOD(F8,1)<>0,MOD(G8,1)<>0),"Lỗi/thiếu số đúng-tổng",IF(OR(AND(B8<>"N4",B8<>"N3",B8<>"N2"),AND(C8<>"Từ và kanji",C8<>"Ngữ pháp",C8<>"Đọc",C8<>"Nghe")),"Sai cấp/kỹ năng",IF(OR(NOT(ISNUMBER(A8)),A8<1),"Thiếu ngày đo",IF(D8="","Thiếu mã bài",IF(AND(E8<>"Mới",E8<>"Ôn lại"),"Thiếu loại câu",IF(OR(NOT(ISNUMBER(H8)),H8<=0),"Thiếu phút",IF(AND(E8="Mới",COUNTIFS($B$8:$B$79,B8,$C$8:$C$79,C8,$D$8:$D$79,D8,$E$8:$E$79,"Mới",$G$8:$G$79,">0")>1),"Trùng câu mới","Hợp lệ")))))))))
A9: 46310 | B9: N4 | C9: Ngữ pháp | I9: =IF(OR(ISBLANK(F9),ISBLANK(G9)),"",IF(OR(NOT(ISNUMBER(F9)),NOT(ISNUMBER(G9))),"Lỗi nhập",IF(OR(G9<=0,F9<0,F9>G9),"Lỗi nhập",F9/G9))) | L9: =IF(NOT(OR(COUNT(F9:H9)>0,LEN(F9&G9&H9)>0)),"",IF(NOT(ISNUMBER(I9)),"Lỗi/thiếu số đúng-tổng",IF(OR(MOD(F9,1)<>0,MOD(G9,1)<>0),"Lỗi/thiếu số đúng-tổng",IF(OR(AND(B9<>"N4",B9<>"N3",B9<>"N2"),AND(C9<>"Từ và kanji",C9<>"Ngữ pháp",C9<>"Đọc",C9<>"Nghe")),"Sai cấp/kỹ năng",IF(OR(NOT(ISNUMBER(A9)),A9<1),"Thiếu ngày đo",IF(D9="","Thiếu mã bài",IF(AND(E9<>"Mới",E9<>"Ôn lại"),"Thiếu loại câu",IF(OR(NOT(ISNUMBER(H9)),H9<=0),"Thiếu phút",IF(AND(E9="Mới",COUNTIFS($B$8:$B$79,B9,$C$8:$C$79,C9,$D$8:$D$79,D9,$E$8:$E$79,"Mới",$G$8:$G$79,">0")>1),"Trùng câu mới","Hợp lệ")))))))))
A10: 46310 | B10: N4 | C10: Đọc | I10: =IF(OR(ISBLANK(F10),ISBLANK(G10)),"",IF(OR(NOT(ISNUMBER(F10)),NOT(ISNUMBER(G10))),"Lỗi nhập",IF(OR(G10<=0,F10<0,F10>G10),"Lỗi nhập",F10/G10))) | L10: =IF(NOT(OR(COUNT(F10:H10)>0,LEN(F10&G10&H10)>0)),"",IF(NOT(ISNUMBER(I10)),"Lỗi/thiếu số đúng-tổng",IF(OR(MOD(F10,1)<>0,MOD(G10,1)<>0),"Lỗi/thiếu số đúng-tổng",IF(OR(AND(B10<>"N4",B10<>"N3",B10<>"N2"),AND(C10<>"Từ và kanji",C10<>"Ngữ pháp",C10<>"Đọc",C10<>"Nghe")),"Sai cấp/kỹ năng",IF(OR(NOT(ISNUMBER(A10)),A10<1),"Thiếu ngày đo",IF(D10="","Thiếu mã bài",IF(AND(E10<>"Mới",E10<>"Ôn lại"),"Thiếu loại câu",IF(OR(NOT(ISNUMBER(H10)),H10<=0),"Thiếu phút",IF(AND(E10="Mới",COUNTIFS($B$8:$B$79,B10,$C$8:$C$79,C10,$D$8:$D$79,D10,$E$8:$E$79,"Mới",$G$8:$G$79,">0")>1),"Trùng câu mới","Hợp lệ")))))))))
A11: 46310 | B11: N4 | C11: Nghe | I11: =IF(OR(ISBLANK(F11),ISBLANK(G11)),"",IF(OR(NOT(ISNUMBER(F11)),NOT(ISNUMBER(G11))),"Lỗi nhập",IF(OR(G11<=0,F11<0,F11>G11),"Lỗi nhập",F11/G11))) | L11: =IF(NOT(OR(COUNT(F11:H11)>0,LEN(F11&G11&H11)>0)),"",IF(NOT(ISNUMBER(I11)),"Lỗi/thiếu số đúng-tổng",IF(OR(MOD(F11,1)<>0,MOD(G11,1)<>0),"Lỗi/thiếu số đúng-tổng",IF(OR(AND(B11<>"N4",B11<>"N3",B11<>"N2"),AND(C11<>"Từ và kanji",C11<>"Ngữ pháp",C11<>"Đọc",C11<>"Nghe")),"Sai cấp/kỹ năng",IF(OR(NOT(ISNUMBER(A11)),A11<1),"Thiếu ngày đo",IF(D11="","Thiếu mã bài",IF(AND(E11<>"Mới",E11<>"Ôn lại"),"Thiếu loại câu",IF(OR(NOT(ISNUMBER(H11)),H11<=0),"Thiếu phút",IF(AND(E11="Mới",COUNTIFS($B$8:$B$79,B11,$C$8:$C$79,C11,$D$8:$D$79,D11,$E$8:$E$79,"Mới",$G$8:$G$79,">0")>1),"Trùng câu mới","Hợp lệ")))))))))
A12: 46310 | B12: N3 | C12: Từ và kanji | I12: =IF(OR(ISBLANK(F12),ISBLANK(G12)),"",IF(OR(NOT(ISNUMBER(F12)),NOT(ISNUMBER(G12))),"Lỗi nhập",IF(OR(G12<=0,F12<0,F12>G12),"Lỗi nhập",F12/G12))) | L12: =IF(NOT(OR(COUNT(F12:H12)>0,LEN(F12&G12&H12)>0)),"",IF(NOT(ISNUMBER(I12)),"Lỗi/thiếu số đúng-tổng",IF(OR(MOD(F12,1)<>0,MOD(G12,1)<>0),"Lỗi/thiếu số đúng-tổng",IF(OR(AND(B12<>"N4",B12<>"N3",B12<>"N2"),AND(C12<>"Từ và kanji",C12<>"Ngữ pháp",C12<>"Đọc",C12<>"Nghe")),"Sai cấp/kỹ năng",IF(OR(NOT(ISNUMBER(A12)),A12<1),"Thiếu ngày đo",IF(D12="","Thiếu mã bài",IF(AND(E12<>"Mới",E12<>"Ôn lại"),"Thiếu loại câu",IF(OR(NOT(ISNUMBER(H12)),H12<=0),"Thiếu phút",IF(AND(E12="Mới",COUNTIFS($B$8:$B$79,B12,$C$8:$C$79,C12,$D$8:$D$79,D12,$E$8:$E$79,"Mới",$G$8:$G$79,">0")>1),"Trùng câu mới","Hợp lệ")))))))))
A13: 46310 | B13: N3 | C13: Ngữ pháp | I13: =IF(OR(ISBLANK(F13),ISBLANK(G13)),"",IF(OR(NOT(ISNUMBER(F13)),NOT(ISNUMBER(G13))),"Lỗi nhập",IF(OR(G13<=0,F13<0,F13>G13),"Lỗi nhập",F13/G13))) | L13: =IF(NOT(OR(COUNT(F13:H13)>0,LEN(F13&G13&H13)>0)),"",IF(NOT(ISNUMBER(I13)),"Lỗi/thiếu số đúng-tổng",IF(OR(MOD(F13,1)<>0,MOD(G13,1)<>0),"Lỗi/thiếu số đúng-tổng",IF(OR(AND(B13<>"N4",B13<>"N3",B13<>"N2"),AND(C13<>"Từ và kanji",C13<>"Ngữ pháp",C13<>"Đọc",C13<>"Nghe")),"Sai cấp/kỹ năng",IF(OR(NOT(ISNUMBER(A13)),A13<1),"Thiếu ngày đo",IF(D13="","Thiếu mã bài",IF(AND(E13<>"Mới",E13<>"Ôn lại"),"Thiếu loại câu",IF(OR(NOT(ISNUMBER(H13)),H13<=0),"Thiếu phút",IF(AND(E13="Mới",COUNTIFS($B$8:$B$79,B13,$C$8:$C$79,C13,$D$8:$D$79,D13,$E$8:$E$79,"Mới",$G$8:$G$79,">0")>1),"Trùng câu mới","Hợp lệ")))))))))
A14: 46310 | B14: N3 | C14: Đọc | I14: =IF(OR(ISBLANK(F14),ISBLANK(G14)),"",IF(OR(NOT(ISNUMBER(F14)),NOT(ISNUMBER(G14))),"Lỗi nhập",IF(OR(G14<=0,F14<0,F14>G14),"Lỗi nhập",F14/G14))) | L14: =IF(NOT(OR(COUNT(F14:H14)>0,LEN(F14&G14&H14)>0)),"",IF(NOT(ISNUMBER(I14)),"Lỗi/thiếu số đúng-tổng",IF(OR(MOD(F14,1)<>0,MOD(G14,1)<>0),"Lỗi/thiếu số đúng-tổng",IF(OR(AND(B14<>"N4",B14<>"N3",B14<>"N2"),AND(C14<>"Từ và kanji",C14<>"Ngữ pháp",C14<>"Đọc",C14<>"Nghe")),"Sai cấp/kỹ năng",IF(OR(NOT(ISNUMBER(A14)),A14<1),"Thiếu ngày đo",IF(D14="","Thiếu mã bài",IF(AND(E14<>"Mới",E14<>"Ôn lại"),"Thiếu loại câu",IF(OR(NOT(ISNUMBER(H14)),H14<=0),"Thiếu phút",IF(AND(E14="Mới",COUNTIFS($B$8:$B$79,B14,$C$8:$C$79,C14,$D$8:$D$79,D14,$E$8:$E$79,"Mới",$G$8:$G$79,">0")>1),"Trùng câu mới","Hợp lệ")))))))))
A15: 46310 | B15: N3 | C15: Nghe | I15: =IF(OR(ISBLANK(F15),ISBLANK(G15)),"",IF(OR(NOT(ISNUMBER(F15)),NOT(ISNUMBER(G15))),"Lỗi nhập",IF(OR(G15<=0,F15<0,F15>G15),"Lỗi nhập",F15/G15))) | L15: =IF(NOT(OR(COUNT(F15:H15)>0,LEN(F15&G15&H15)>0)),"",IF(NOT(ISNUMBER(I15)),"Lỗi/thiếu số đúng-tổng",IF(OR(MOD(F15,1)<>0,MOD(G15,1)<>0),"Lỗi/thiếu số đúng-tổng",IF(OR(AND(B15<>"N4",B15<>"N3",B15<>"N2"),AND(C15<>"Từ và kanji",C15<>"Ngữ pháp",C15<>"Đọc",C15<>"Nghe")),"Sai cấp/kỹ năng",IF(OR(NOT(ISNUMBER(A15)),A15<1),"Thiếu ngày đo",IF(D15="","Thiếu mã bài",IF(AND(E15<>"Mới",E15<>"Ôn lại"),"Thiếu loại câu",IF(OR(NOT(ISNUMBER(H15)),H15<=0),"Thiếu phút",IF(AND(E15="Mới",COUNTIFS($B$8:$B$79,B15,$C$8:$C$79,C15,$D$8:$D$79,D15,$E$8:$E$79,"Mới",$G$8:$G$79,">0")>1),"Trùng câu mới","Hợp lệ")))))))))
A16: 46317 | B16: N4 | C16: Từ và kanji | I16: =IF(OR(ISBLANK(F16),ISBLANK(G16)),"",IF(OR(NOT(ISNUMBER(F16)),NOT(ISNUMBER(G16))),"Lỗi nhập",IF(OR(G16<=0,F16<0,F16>G16),"Lỗi nhập",F16/G16))) | L16: =IF(NOT(OR(COUNT(F16:H16)>0,LEN(F16&G16&H16)>0)),"",IF(NOT(ISNUMBER(I16)),"Lỗi/thiếu số đúng-tổng",IF(OR(MOD(F16,1)<>0,MOD(G16,1)<>0),"Lỗi/thiếu số đúng-tổng",IF(OR(AND(B16<>"N4",B16<>"N3",B16<>"N2"),AND(C16<>"Từ và kanji",C16<>"Ngữ pháp",C16<>"Đọc",C16<>"Nghe")),"Sai cấp/kỹ năng",IF(OR(NOT(ISNUMBER(A16)),A16<1),"Thiếu ngày đo",IF(D16="","Thiếu mã bài",IF(AND(E16<>"Mới",E16<>"Ôn lại"),"Thiếu loại câu",IF(OR(NOT(ISNUMBER(H16)),H16<=0),"Thiếu phút",IF(AND(E16="Mới",COUNTIFS($B$8:$B$79,B16,$C$8:$C$79,C16,$D$8:$D$79,D16,$E$8:$E$79,"Mới",$G$8:$G$79,">0")>1),"Trùng câu mới","Hợp lệ")))))))))
A17: 46317 | B17: N4 | C17: Ngữ pháp | I17: =IF(OR(ISBLANK(F17),ISBLANK(G17)),"",IF(OR(NOT(ISNUMBER(F17)),NOT(ISNUMBER(G17))),"Lỗi nhập",IF(OR(G17<=0,F17<0,F17>G17),"Lỗi nhập",F17/G17))) | L17: =IF(NOT(OR(COUNT(F17:H17)>0,LEN(F17&G17&H17)>0)),"",IF(NOT(ISNUMBER(I17)),"Lỗi/thiếu số đúng-tổng",IF(OR(MOD(F17,1)<>0,MOD(G17,1)<>0),"Lỗi/thiếu số đúng-tổng",IF(OR(AND(B17<>"N4",B17<>"N3",B17<>"N2"),AND(C17<>"Từ và kanji",C17<>"Ngữ pháp",C17<>"Đọc",C17<>"Nghe")),"Sai cấp/kỹ năng",IF(OR(NOT(ISNUMBER(A17)),A17<1),"Thiếu ngày đo",IF(D17="","Thiếu mã bài",IF(AND(E17<>"Mới",E17<>"Ôn lại"),"Thiếu loại câu",IF(OR(NOT(ISNUMBER(H17)),H17<=0),"Thiếu phút",IF(AND(E17="Mới",COUNTIFS($B$8:$B$79,B17,$C$8:$C$79,C17,$D$8:$D$79,D17,$E$8:$E$79,"Mới",$G$8:$G$79,">0")>1),"Trùng câu mới","Hợp lệ")))))))))
A18: 46317 | B18: N4 | C18: Đọc | I18: =IF(OR(ISBLANK(F18),ISBLANK(G18)),"",IF(OR(NOT(ISNUMBER(F18)),NOT(ISNUMBER(G18))),"Lỗi nhập",IF(OR(G18<=0,F18<0,F18>G18),"Lỗi nhập",F18/G18))) | L18: =IF(NOT(OR(COUNT(F18:H18)>0,LEN(F18&G18&H18)>0)),"",IF(NOT(ISNUMBER(I18)),"Lỗi/thiếu số đúng-tổng",IF(OR(MOD(F18,1)<>0,MOD(G18,1)<>0),"Lỗi/thiếu số đúng-tổng",IF(OR(AND(B18<>"N4",B18<>"N3",B18<>"N2"),AND(C18<>"Từ và kanji",C18<>"Ngữ pháp",C18<>"Đọc",C18<>"Nghe")),"Sai cấp/kỹ năng",IF(OR(NOT(ISNUMBER(A18)),A18<1),"Thiếu ngày đo",IF(D18="","Thiếu mã bài",IF(AND(E18<>"Mới",E18<>"Ôn lại"),"Thiếu loại câu",IF(OR(NOT(ISNUMBER(H18)),H18<=0),"Thiếu phút",IF(AND(E18="Mới",COUNTIFS($B$8:$B$79,B18,$C$8:$C$79,C18,$D$8:$D$79,D18,$E$8:$E$79,"Mới",$G$8:$G$79,">0")>1),"Trùng câu mới","Hợp lệ")))))))))
A19: 46317 | B19: N4 | C19: Nghe | I19: =IF(OR(ISBLANK(F19),ISBLANK(G19)),"",IF(OR(NOT(ISNUMBER(F19)),NOT(ISNUMBER(G19))),"Lỗi nhập",IF(OR(G19<=0,F19<0,F19>G19),"Lỗi nhập",F19/G19))) | L19: =IF(NOT(OR(COUNT(F19:H19)>0,LEN(F19&G19&H19)>0)),"",IF(NOT(ISNUMBER(I19)),"Lỗi/thiếu số đúng-tổng",IF(OR(MOD(F19,1)<>0,MOD(G19,1)<>0),"Lỗi/thiếu số đúng-tổng",IF(OR(AND(B19<>"N4",B19<>"N3",B19<>"N2"),AND(C19<>"Từ và kanji",C19<>"Ngữ pháp",C19<>"Đọc",C19<>"Nghe")),"Sai cấp/kỹ năng",IF(OR(NOT(ISNUMBER(A19)),A19<1),"Thiếu ngày đo",IF(D19="","Thiếu mã bài",IF(AND(E19<>"Mới",E19<>"Ôn lại"),"Thiếu loại câu",IF(OR(NOT(ISNUMBER(H19)),H19<=0),"Thiếu phút",IF(AND(E19="Mới",COUNTIFS($B$8:$B$79,B19,$C$8:$C$79,C19,$D$8:$D$79,D19,$E$8:$E$79,"Mới",$G$8:$G$79,">0")>1),"Trùng câu mới","Hợp lệ")))))))))
... A71: 46359 | B71: N3 | C71: Nghe | I71: =IF(OR(ISBLANK(F71),ISBLANK(G71)),"",IF(OR(NOT(ISNUMBER(F71)),NOT(ISNUMBER(G71))),"Lỗi nhập",IF(OR(G71<=0,F71<0,F71>G71),"Lỗi nhập",F71/G71))) | L71: =IF(NOT(OR(COUNT(F71:H71)>0,LEN(F71&G71&H71)>0)),"",IF(NOT(ISNUMBER(I71)),"Lỗi/thiếu số đúng-tổng",IF(OR(MOD(F71,1)<>0,MOD(G71,1)<>0),"Lỗi/thiếu số đúng-tổng",IF(OR(AND(B71<>"N4",B71<>"N3",B71<>"N2"),AND(C71<>"Từ và kanji",C71<>"Ngữ pháp",C71<>"Đọc",C71<>"Nghe")),"Sai cấp/kỹ năng",IF(OR(NOT(ISNUMBER(A71)),A71<1),"Thiếu ngày đo",IF(D71="","Thiếu mã bài",IF(AND(E71<>"Mới",E71<>"Ôn lại"),"Thiếu loại câu",IF(OR(NOT(ISNUMBER(H71)),H71<=0),"Thiếu phút",IF(AND(E71="Mới",COUNTIFS($B$8:$B$79,B71,$C$8:$C$79,C71,$D$8:$D$79,D71,$E$8:$E$79,"Mới",$G$8:$G$79,">0")>1),"Trùng câu mới","Hợp lệ")))))))))
A72: =IF(AND('Làm nhanh'!P174="Đã chấm"),MAX('Làm nhanh'!M174),"") | B72: N4 | C72: Từ và kanji | D72: START18-N4-V | E72: =IF(AND('Làm nhanh'!P174="Đã chấm"),IF(AND('Làm nhanh'!O174="Mới"),"Mới","Ôn lại"),"") | F72: =IF(AND('Làm nhanh'!P174="Đã chấm"),SUM('Làm nhanh'!L174),"") | G72: =IF(AND('Làm nhanh'!P174="Đã chấm"),SUM('Làm nhanh'!K174),"") | H72: =IF(AND('Làm nhanh'!P174="Đã chấm"),SUM('Làm nhanh'!N174),"") | I72: =IF(COUNT(F72:G72)<2,"",IF(OR(G72<=0,F72<0,F72>G72),"Lỗi nhập",F72/G72)) | L72: =IF(NOT(OR(COUNT(F72:H72)>0,LEN(F72&G72&H72)>0)),"",IF(NOT(ISNUMBER(I72)),"Lỗi/thiếu số đúng-tổng",IF(OR(MOD(F72,1)<>0,MOD(G72,1)<>0),"Lỗi/thiếu số đúng-tổng",IF(OR(AND(B72<>"N4",B72<>"N3",B72<>"N2"),AND(C72<>"Từ và kanji",C72<>"Ngữ pháp",C72<>"Đọc",C72<>"Nghe")),"Sai cấp/kỹ năng",IF(OR(NOT(ISNUMBER(A72)),A72<1),"Thiếu ngày đo",IF(D72="","Thiếu mã bài",IF(AND(E72<>"Mới",E72<>"Ôn lại"),"Thiếu loại câu",IF(OR(NOT(ISNUMBER(H72)),H72<=0),"Thiếu phút",IF(AND(E72="Mới",COUNTIFS($B$8:$B$79,B72,$C$8:$C$79,C72,$D$8:$D$79,D72,$E$8:$E$79,"Mới",$G$8:$G$79,">0")>1),"Trùng câu mới","Hợp lệ")))))))))
A73: =IF(AND('Làm nhanh'!P172="Đã chấm",'Làm nhanh'!P173="Đã chấm"),MAX('Làm nhanh'!M172,'Làm nhanh'!M173),"") | B73: N4 | C73: Ngữ pháp | D73: START18-N4-G | E73: =IF(AND('Làm nhanh'!P172="Đã chấm",'Làm nhanh'!P173="Đã chấm"),IF(AND('Làm nhanh'!O172="Mới",'Làm nhanh'!O173="Mới"),"Mới","Ôn lại"),"") | F73: =IF(AND('Làm nhanh'!P172="Đã chấm",'Làm nhanh'!P173="Đã chấm"),SUM('Làm nhanh'!L172,'Làm nhanh'!L173),"") | G73: =IF(AND('Làm nhanh'!P172="Đã chấm",'Làm nhanh'!P173="Đã chấm"),SUM('Làm nhanh'!K172,'Làm nhanh'!K173),"") | H73: =IF(AND('Làm nhanh'!P172="Đã chấm",'Làm nhanh'!P173="Đã chấm"),SUM('Làm nhanh'!N172,'Làm nhanh'!N173),"") | I73: =IF(COUNT(F73:G73)<2,"",IF(OR(G73<=0,F73<0,F73>G73),"Lỗi nhập",F73/G73)) | L73: =IF(NOT(OR(COUNT(F73:H73)>0,LEN(F73&G73&H73)>0)),"",IF(NOT(ISNUMBER(I73)),"Lỗi/thiếu số đúng-tổng",IF(OR(MOD(F73,1)<>0,MOD(G73,1)<>0),"Lỗi/thiếu số đúng-tổng",IF(OR(AND(B73<>"N4",B73<>"N3",B73<>"N2"),AND(C73<>"Từ và kanji",C73<>"Ngữ pháp",C73<>"Đọc",C73<>"Nghe")),"Sai cấp/kỹ năng",IF(OR(NOT(ISNUMBER(A73)),A73<1),"Thiếu ngày đo",IF(D73="","Thiếu mã bài",IF(AND(E73<>"Mới",E73<>"Ôn lại"),"Thiếu loại câu",IF(OR(NOT(ISNUMBER(H73)),H73<=0),"Thiếu phút",IF(AND(E73="Mới",COUNTIFS($B$8:$B$79,B73,$C$8:$C$79,C73,$D$8:$D$79,D73,$E$8:$E$79,"Mới",$G$8:$G$79,">0")>1),"Trùng câu mới","Hợp lệ")))))))))
A74: =IF(AND('Làm nhanh'!P175="Đã chấm"),MAX('Làm nhanh'!M175),"") | B74: N4 | C74: Đọc | D74: START18-N4-R | E74: =IF(AND('Làm nhanh'!P175="Đã chấm"),IF(AND('Làm nhanh'!O175="Mới"),"Mới","Ôn lại"),"") | F74: =IF(AND('Làm nhanh'!P175="Đã chấm"),SUM('Làm nhanh'!L175),"") | G74: =IF(AND('Làm nhanh'!P175="Đã chấm"),SUM('Làm nhanh'!K175),"") | H74: =IF(AND('Làm nhanh'!P175="Đã chấm"),SUM('Làm nhanh'!N175),"") | I74: =IF(COUNT(F74:G74)<2,"",IF(OR(G74<=0,F74<0,F74>G74),"Lỗi nhập",F74/G74)) | L74: =IF(NOT(OR(COUNT(F74:H74)>0,LEN(F74&G74&H74)>0)),"",IF(NOT(ISNUMBER(I74)),"Lỗi/thiếu số đúng-tổng",IF(OR(MOD(F74,1)<>0,MOD(G74,1)<>0),"Lỗi/thiếu số đúng-tổng",IF(OR(AND(B74<>"N4",B74<>"N3",B74<>"N2"),AND(C74<>"Từ và kanji",C74<>"Ngữ pháp",C74<>"Đọc",C74<>"Nghe")),"Sai cấp/kỹ năng",IF(OR(NOT(ISNUMBER(A74)),A74<1),"Thiếu ngày đo",IF(D74="","Thiếu mã bài",IF(AND(E74<>"Mới",E74<>"Ôn lại"),"Thiếu loại câu",IF(OR(NOT(ISNUMBER(H74)),H74<=0),"Thiếu phút",IF(AND(E74="Mới",COUNTIFS($B$8:$B$79,B74,$C$8:$C$79,C74,$D$8:$D$79,D74,$E$8:$E$79,"Mới",$G$8:$G$79,">0")>1),"Trùng câu mới","Hợp lệ")))))))))
A75: =IF(AND('Làm nhanh'!P176="Đã chấm",'Làm nhanh'!P177="Đã chấm"),MAX('Làm nhanh'!M176,'Làm nhanh'!M177),"") | B75: N4 | C75: Nghe | D75: START18-N4-L | E75: =IF(AND('Làm nhanh'!P176="Đã chấm",'Làm nhanh'!P177="Đã chấm"),IF(AND('Làm nhanh'!O176="Mới",'Làm nhanh'!O177="Mới"),"Mới","Ôn lại"),"") | F75: =IF(AND('Làm nhanh'!P176="Đã chấm",'Làm nhanh'!P177="Đã chấm"),SUM('Làm nhanh'!L176,'Làm nhanh'!L177),"") | G75: =IF(AND('Làm nhanh'!P176="Đã chấm",'Làm nhanh'!P177="Đã chấm"),SUM('Làm nhanh'!K176,'Làm nhanh'!K177),"") | H75: =IF(AND('Làm nhanh'!P176="Đã chấm",'Làm nhanh'!P177="Đã chấm"),SUM('Làm nhanh'!N176,'Làm nhanh'!N177),"") | I75: =IF(COUNT(F75:G75)<2,"",IF(OR(G75<=0,F75<0,F75>G75),"Lỗi nhập",F75/G75)) | L75: =IF(NOT(OR(COUNT(F75:H75)>0,LEN(F75&G75&H75)>0)),"",IF(NOT(ISNUMBER(I75)),"Lỗi/thiếu số đúng-tổng",IF(OR(MOD(F75,1)<>0,MOD(G75,1)<>0),"Lỗi/thiếu số đúng-tổng",IF(OR(AND(B75<>"N4",B75<>"N3",B75<>"N2"),AND(C75<>"Từ và kanji",C75<>"Ngữ pháp",C75<>"Đọc",C75<>"Nghe")),"Sai cấp/kỹ năng",IF(OR(NOT(ISNUMBER(A75)),A75<1),"Thiếu ngày đo",IF(D75="","Thiếu mã bài",IF(AND(E75<>"Mới",E75<>"Ôn lại"),"Thiếu loại câu",IF(OR(NOT(ISNUMBER(H75)),H75<=0),"Thiếu phút",IF(AND(E75="Mới",COUNTIFS($B$8:$B$79,B75,$C$8:$C$79,C75,$D$8:$D$79,D75,$E$8:$E$79,"Mới",$G$8:$G$79,">0")>1),"Trùng câu mới","Hợp lệ")))))))))
A76: =IF(AND('Làm nhanh'!P179="Đã chấm"),MAX('Làm nhanh'!M179),"") | B76: N3 | C76: Từ và kanji | D76: START18-N3-V | E76: =IF(AND('Làm nhanh'!P179="Đã chấm"),IF(AND('Làm nhanh'!O179="Mới"),"Mới","Ôn lại"),"") | F76: =IF(AND('Làm nhanh'!P179="Đã chấm"),SUM('Làm nhanh'!L179),"") | G76: =IF(AND('Làm nhanh'!P179="Đã chấm"),SUM('Làm nhanh'!K179),"") | H76: =IF(AND('Làm nhanh'!P179="Đã chấm"),SUM('Làm nhanh'!N179),"") | I76: =IF(COUNT(F76:G76)<2,"",IF(OR(G76<=0,F76<0,F76>G76),"Lỗi nhập",F76/G76)) | L76: =IF(NOT(OR(COUNT(F76:H76)>0,LEN(F76&G76&H76)>0)),"",IF(NOT(ISNUMBER(I76)),"Lỗi/thiếu số đúng-tổng",IF(OR(MOD(F76,1)<>0,MOD(G76,1)<>0),"Lỗi/thiếu số đúng-tổng",IF(OR(AND(B76<>"N4",B76<>"N3",B76<>"N2"),AND(C76<>"Từ và kanji",C76<>"Ngữ pháp",C76<>"Đọc",C76<>"Nghe")),"Sai cấp/kỹ năng",IF(OR(NOT(ISNUMBER(A76)),A76<1),"Thiếu ngày đo",IF(D76="","Thiếu mã bài",IF(AND(E76<>"Mới",E76<>"Ôn lại"),"Thiếu loại câu",IF(OR(NOT(ISNUMBER(H76)),H76<=0),"Thiếu phút",IF(AND(E76="Mới",COUNTIFS($B$8:$B$79,B76,$C$8:$C$79,C76,$D$8:$D$79,D76,$E$8:$E$79,"Mới",$G$8:$G$79,">0")>1),"Trùng câu mới","Hợp lệ")))))))))
A77: =IF(AND('Làm nhanh'!P178="Đã chấm"),MAX('Làm nhanh'!M178),"") | B77: N3 | C77: Ngữ pháp | D77: START18-N3-G | E77: =IF(AND('Làm nhanh'!P178="Đã chấm"),IF(AND('Làm nhanh'!O178="Mới"),"Mới","Ôn lại"),"") | F77: =IF(AND('Làm nhanh'!P178="Đã chấm"),SUM('Làm nhanh'!L178),"") | G77: =IF(AND('Làm nhanh'!P178="Đã chấm"),SUM('Làm nhanh'!K178),"") | H77: =IF(AND('Làm nhanh'!P178="Đã chấm"),SUM('Làm nhanh'!N178),"") | I77: =IF(COUNT(F77:G77)<2,"",IF(OR(G77<=0,F77<0,F77>G77),"Lỗi nhập",F77/G77)) | L77: =IF(NOT(OR(COUNT(F77:H77)>0,LEN(F77&G77&H77)>0)),"",IF(NOT(ISNUMBER(I77)),"Lỗi/thiếu số đúng-tổng",IF(OR(MOD(F77,1)<>0,MOD(G77,1)<>0),"Lỗi/thiếu số đúng-tổng",IF(OR(AND(B77<>"N4",B77<>"N3",B77<>"N2"),AND(C77<>"Từ và kanji",C77<>"Ngữ pháp",C77<>"Đọc",C77<>"Nghe")),"Sai cấp/kỹ năng",IF(OR(NOT(ISNUMBER(A77)),A77<1),"Thiếu ngày đo",IF(D77="","Thiếu mã bài",IF(AND(E77<>"Mới",E77<>"Ôn lại"),"Thiếu loại câu",IF(OR(NOT(ISNUMBER(H77)),H77<=0),"Thiếu phút",IF(AND(E77="Mới",COUNTIFS($B$8:$B$79,B77,$C$8:$C$79,C77,$D$8:$D$79,D77,$E$8:$E$79,"Mới",$G$8:$G$79,">0")>1),"Trùng câu mới","Hợp lệ")))))))))
A78: =IF(AND('Làm nhanh'!P180="Đã chấm"),MAX('Làm nhanh'!M180),"") | B78: N3 | C78: Đọc | D78: START18-N3-R | E78: =IF(AND('Làm nhanh'!P180="Đã chấm"),IF(AND('Làm nhanh'!O180="Mới"),"Mới","Ôn lại"),"") | F78: =IF(AND('Làm nhanh'!P180="Đã chấm"),SUM('Làm nhanh'!L180),"") | G78: =IF(AND('Làm nhanh'!P180="Đã chấm"),SUM('Làm nhanh'!K180),"") | H78: =IF(AND('Làm nhanh'!P180="Đã chấm"),SUM('Làm nhanh'!N180),"") | I78: =IF(COUNT(F78:G78)<2,"",IF(OR(G78<=0,F78<0,F78>G78),"Lỗi nhập",F78/G78)) | L78: =IF(NOT(OR(COUNT(F78:H78)>0,LEN(F78&G78&H78)>0)),"",IF(NOT(ISNUMBER(I78)),"Lỗi/thiếu số đúng-tổng",IF(OR(MOD(F78,1)<>0,MOD(G78,1)<>0),"Lỗi/thiếu số đúng-tổng",IF(OR(AND(B78<>"N4",B78<>"N3",B78<>"N2"),AND(C78<>"Từ và kanji",C78<>"Ngữ pháp",C78<>"Đọc",C78<>"Nghe")),"Sai cấp/kỹ năng",IF(OR(NOT(ISNUMBER(A78)),A78<1),"Thiếu ngày đo",IF(D78="","Thiếu mã bài",IF(AND(E78<>"Mới",E78<>"Ôn lại"),"Thiếu loại câu",IF(OR(NOT(ISNUMBER(H78)),H78<=0),"Thiếu phút",IF(AND(E78="Mới",COUNTIFS($B$8:$B$79,B78,$C$8:$C$79,C78,$D$8:$D$79,D78,$E$8:$E$79,"Mới",$G$8:$G$79,">0")>1),"Trùng câu mới","Hợp lệ")))))))))
A79: =IF(AND('Làm nhanh'!P181="Đã chấm",'Làm nhanh'!P182="Đã chấm"),MAX('Làm nhanh'!M181,'Làm nhanh'!M182),"") | B79: N3 | C79: Nghe | D79: START18-N3-L | E79: =IF(AND('Làm nhanh'!P181="Đã chấm",'Làm nhanh'!P182="Đã chấm"),IF(AND('Làm nhanh'!O181="Mới",'Làm nhanh'!O182="Mới"),"Mới","Ôn lại"),"") | F79: =IF(AND('Làm nhanh'!P181="Đã chấm",'Làm nhanh'!P182="Đã chấm"),SUM('Làm nhanh'!L181,'Làm nhanh'!L182),"") | G79: =IF(AND('Làm nhanh'!P181="Đã chấm",'Làm nhanh'!P182="Đã chấm"),SUM('Làm nhanh'!K181,'Làm nhanh'!K182),"") | H79: =IF(AND('Làm nhanh'!P181="Đã chấm",'Làm nhanh'!P182="Đã chấm"),SUM('Làm nhanh'!N181,'Làm nhanh'!N182),"") | I79: =IF(COUNT(F79:G79)<2,"",IF(OR(G79<=0,F79<0,F79>G79),"Lỗi nhập",F79/G79)) | L79: =IF(NOT(OR(COUNT(F79:H79)>0,LEN(F79&G79&H79)>0)),"",IF(NOT(ISNUMBER(I79)),"Lỗi/thiếu số đúng-tổng",IF(OR(MOD(F79,1)<>0,MOD(G79,1)<>0),"Lỗi/thiếu số đúng-tổng",IF(OR(AND(B79<>"N4",B79<>"N3",B79<>"N2"),AND(C79<>"Từ và kanji",C79<>"Ngữ pháp",C79<>"Đọc",C79<>"Nghe")),"Sai cấp/kỹ năng",IF(OR(NOT(ISNUMBER(A79)),A79<1),"Thiếu ngày đo",IF(D79="","Thiếu mã bài",IF(AND(E79<>"Mới",E79<>"Ôn lại"),"Thiếu loại câu",IF(OR(NOT(ISNUMBER(H79)),H79<=0),"Thiếu phút",IF(AND(E79="Mới",COUNTIFS($B$8:$B$79,B79,$C$8:$C$79,C79,$D$8:$D$79,D79,$E$8:$E$79,"Mới",$G$8:$G$79,">0")>1),"Trùng câu mới","Hợp lệ")))))))))

Sheet Tổng hợp tuần
A2: Tổng hợp học tiếng Nhật trong tuần
A4: Tuần từ | B4: 46310 | C4: đến | D4: =B4+6 -> 46316 | E4: Đổi ngày ở B4 khi cần.
A6: Chỉ số | B6: Kết quả | C6: Cỡ mẫu | E6: Mã lỗi | F6: Bản ghi | G6: Ý nghĩa
A7: Phút học | B7: =IF(C7=0,"",SUMIFS('Nhật ký'!$E$8:$E$59,'Nhật ký'!$A$8:$A$59,">="&$B$4,'Nhật ký'!$A$8:$A$59,"<"&($B$4+7),'Nhật ký'!$O$8:$O$59,1)) | C7: =SUMIFS('Nhật ký'!$O$8:$O$59,'Nhật ký'!$A$8:$A$59,">="&$B$4,'Nhật ký'!$A$8:$A$59,"<"&($B$4+7)) -> 0 | E7: V | F7: =COUNTIFS('Nhật ký'!$A$8:$A$59,">="&$B$4,'Nhật ký'!$A$8:$A$59,"<"&($B$4+7),'Nhật ký'!$I$8:$I$59,E7)+COUNTIFS('Làm nhanh'!$M$172:$M$182,">="&$B$4,'Làm nhanh'!$M$172:$M$182,"<"&($B$4+7),'Làm nhanh'!$Q$172:$Q$182,E7,'Làm nhanh'!$P$172:$P$182,"Đã chấm") -> 0 | G7: Từ/kanji
A8: Phút nghe | B8: =IF(C8=0,"",SUMIFS('Nhật ký'!$F$8:$F$59,'Nhật ký'!$A$8:$A$59,">="&$B$4,'Nhật ký'!$A$8:$A$59,"<"&($B$4+7),'Nhật ký'!$M$8:$M$59,1)) | C8: =SUMIFS('Nhật ký'!$M$8:$M$59,'Nhật ký'!$A$8:$A$59,">="&$B$4,'Nhật ký'!$A$8:$A$59,"<"&($B$4+7)) -> 0 | E8: G | F8: =COUNTIFS('Nhật ký'!$A$8:$A$59,">="&$B$4,'Nhật ký'!$A$8:$A$59,"<"&($B$4+7),'Nhật ký'!$I$8:$I$59,E8)+COUNTIFS('Làm nhanh'!$M$172:$M$182,">="&$B$4,'Làm nhanh'!$M$172:$M$182,"<"&($B$4+7),'Làm nhanh'!$Q$172:$Q$182,E8,'Làm nhanh'!$P$172:$P$182,"Đã chấm") -> 0 | G8: Ngữ pháp
A9: Phút nói | B9: =IF(C9=0,"",SUMIFS('Nhật ký'!$G$8:$G$59,'Nhật ký'!$A$8:$A$59,">="&$B$4,'Nhật ký'!$A$8:$A$59,"<"&($B$4+7),'Nhật ký'!$N$8:$N$59,1)) | C9: =SUMIFS('Nhật ký'!$N$8:$N$59,'Nhật ký'!$A$8:$A$59,">="&$B$4,'Nhật ký'!$A$8:$A$59,"<"&($B$4+7)) -> 0 | E9: R | F9: =COUNTIFS('Nhật ký'!$A$8:$A$59,">="&$B$4,'Nhật ký'!$A$8:$A$59,"<"&($B$4+7),'Nhật ký'!$I$8:$I$59,E9)+COUNTIFS('Làm nhanh'!$M$172:$M$182,">="&$B$4,'Làm nhanh'!$M$172:$M$182,"<"&($B$4+7),'Làm nhanh'!$Q$172:$Q$182,E9,'Làm nhanh'!$P$172:$P$182,"Đã chấm") -> 0 | G9: Nối ý đọc
A10: Ngủ TB (giờ/24h) | B10: =IF(C10=0,"",SUMIFS('Nhật ký'!$B$8:$B$59,'Nhật ký'!$A$8:$A$59,">="&$B$4,'Nhật ký'!$A$8:$A$59,"<"&($B$4+7),'Nhật ký'!$K$8:$K$59,1)/C10) | C10: =SUMIFS('Nhật ký'!$K$8:$K$59,'Nhật ký'!$A$8:$A$59,">="&$B$4,'Nhật ký'!$A$8:$A$59,"<"&($B$4+7)) -> 0 | E10: A | F10: =COUNTIFS('Nhật ký'!$A$8:$A$59,">="&$B$4,'Nhật ký'!$A$8:$A$59,"<"&($B$4+7),'Nhật ký'!$I$8:$I$59,E10)+COUNTIFS('Làm nhanh'!$M$172:$M$182,">="&$B$4,'Làm nhanh'!$M$172:$M$182,"<"&($B$4+7),'Làm nhanh'!$Q$172:$Q$182,E10,'Làm nhanh'!$P$172:$P$182,"Đã chấm") -> 0 | G10: Nhận diện âm
A11: Mệt TB (1–5) | B11: =IF(C11=0,"",SUMIFS('Nhật ký'!$C$8:$C$59,'Nhật ký'!$A$8:$A$59,">="&$B$4,'Nhật ký'!$A$8:$A$59,"<"&($B$4+7),'Nhật ký'!$L$8:$L$59,1)/C11) | C11: =SUMIFS('Nhật ký'!$L$8:$L$59,'Nhật ký'!$A$8:$A$59,">="&$B$4,'Nhật ký'!$A$8:$A$59,"<"&($B$4+7)) -> 0 | E11: M | F11: =COUNTIFS('Nhật ký'!$A$8:$A$59,">="&$B$4,'Nhật ký'!$A$8:$A$59,"<"&($B$4+7),'Nhật ký'!$I$8:$I$59,E11)+COUNTIFS('Làm nhanh'!$M$172:$M$182,">="&$B$4,'Làm nhanh'!$M$172:$M$182,"<"&($B$4+7),'Làm nhanh'!$Q$172:$Q$182,E11,'Làm nhanh'!$P$172:$P$182,"Đã chấm") -> 0 | G11: Giữ thông tin
A12: Nhật ký cần sửa | B12: =SUM(COUNTIFS('Nhật ký'!$A$8:$A$59,">="&$B$4,'Nhật ký'!$A$8:$A$59,"<"&($B$4+7),'Nhật ký'!$J$8:$J$59,"Lỗi ngủ/mệt"),COUNTIFS('Nhật ký'!$A$8:$A$59,">="&$B$4,'Nhật ký'!$A$8:$A$59,"<"&($B$4+7),'Nhật ký'!$J$8:$J$59,"Thiếu tổng phút"),COUNTIFS('Nhật ký'!$A$8:$A$59,">="&$B$4,'Nhật ký'!$A$8:$A$59,"<"&($B$4+7),'Nhật ký'!$J$8:$J$59,"Lỗi phút"),COUNTIFS('Nhật ký'!$A$8:$A$59,">="&$B$4,'Nhật ký'!$A$8:$A$59,"<"&($B$4+7),'Nhật ký'!$J$8:$J$59,"Nghe+nói vượt tổng"),COUNTIFS('Nhật ký'!$A$8:$A$59,">="&$B$4,'Nhật ký'!$A$8:$A$59,"<"&($B$4+7),'Nhật ký'!$J$8:$J$59,"Thiếu chế độ"),COUNTIFS('Nhật ký'!$A$8:$A$59,">="&$B$4,'Nhật ký'!$A$8:$A$59,"<"&($B$4+7),'Nhật ký'!$J$8:$J$59,"Lỗi mã")) -> 0 | E12: T | F12: =COUNTIFS('Nhật ký'!$A$8:$A$59,">="&$B$4,'Nhật ký'!$A$8:$A$59,"<"&($B$4+7),'Nhật ký'!$I$8:$I$59,E12)+COUNTIFS('Làm nhanh'!$M$172:$M$182,">="&$B$4,'Làm nhanh'!$M$172:$M$182,"<"&($B$4+7),'Làm nhanh'!$Q$172:$Q$182,E12,'Làm nhanh'!$P$172:$P$182,"Đã chấm") -> 0 | G12: Thời gian
A13: Bản đo cần sửa | B13: =SUM(COUNTIF('Đo năng lực'!$L$8:$L$79,"Lỗi/thiếu số đúng-tổng"),COUNTIF('Đo năng lực'!$L$8:$L$79,"Sai cấp/kỹ năng"),COUNTIF('Đo năng lực'!$L$8:$L$79,"Thiếu ngày đo"),COUNTIF('Đo năng lực'!$L$8:$L$79,"Thiếu mã bài"),COUNTIF('Đo năng lực'!$L$8:$L$79,"Thiếu loại câu"),COUNTIF('Đo năng lực'!$L$8:$L$79,"Thiếu phút"),COUNTIF('Đo năng lực'!$L$8:$L$79,"Trùng câu mới")) -> 0 | C13: toàn sổ | E13: F | F13: =COUNTIFS('Nhật ký'!$A$8:$A$59,">="&$B$4,'Nhật ký'!$A$8:$A$59,"<"&($B$4+7),'Nhật ký'!$I$8:$I$59,E13)+COUNTIFS('Làm nhanh'!$M$172:$M$182,">="&$B$4,'Làm nhanh'!$M$172:$M$182,"<"&($B$4+7),'Làm nhanh'!$Q$172:$Q$182,E13,'Làm nhanh'!$P$172:$P$182,"Đã chấm") -> 0 | G13: Mệt/gián đoạn
A15: Câu Mới trong tuần, có ngày/phút/mã bài hợp lệ. Mỗi cấp và kỹ năng giữ riêng.
A17: Cấp | B17: Kỹ năng | C17: Đúng | D17: Tổng câu | E17: Độ đúng thô | F17: Phút làm | G17: Cỡ mẫu
A18: N4 | B18: Từ và kanji | C18: =IF(COUNTIFS('Đo năng lực'!$A$8:$A$79,">="&$B$4,'Đo năng lực'!$A$8:$A$79,"<"&($B$4+7),'Đo năng lực'!$B$8:$B$79,A18,'Đo năng lực'!$C$8:$C$79,B18,'Đo năng lực'!$E$8:$E$79,"Mới",'Đo năng lực'!$L$8:$L$79,"Hợp lệ")=0,"",SUMIFS('Đo năng lực'!$F$8:$F$79,'Đo năng lực'!$A$8:$A$79,">="&$B$4,'Đo năng lực'!$A$8:$A$79,"<"&($B$4+7),'Đo năng lực'!$B$8:$B$79,A18,'Đo năng lực'!$C$8:$C$79,B18,'Đo năng lực'!$E$8:$E$79,"Mới",'Đo năng lực'!$L$8:$L$79,"Hợp lệ")) | D18: =IF(COUNTIFS('Đo năng lực'!$A$8:$A$79,">="&$B$4,'Đo năng lực'!$A$8:$A$79,"<"&($B$4+7),'Đo năng lực'!$B$8:$B$79,A18,'Đo năng lực'!$C$8:$C$79,B18,'Đo năng lực'!$E$8:$E$79,"Mới",'Đo năng lực'!$L$8:$L$79,"Hợp lệ")=0,"",SUMIFS('Đo năng lực'!$G$8:$G$79,'Đo năng lực'!$A$8:$A$79,">="&$B$4,'Đo năng lực'!$A$8:$A$79,"<"&($B$4+7),'Đo năng lực'!$B$8:$B$79,A18,'Đo năng lực'!$C$8:$C$79,B18,'Đo năng lực'!$E$8:$E$79,"Mới",'Đo năng lực'!$L$8:$L$79,"Hợp lệ")) | E18: =IF(COUNT(C18:D18)<2,"",IF(D18>0,C18/D18,"")) | F18: =IF(COUNTIFS('Đo năng lực'!$A$8:$A$79,">="&$B$4,'Đo năng lực'!$A$8:$A$79,"<"&($B$4+7),'Đo năng lực'!$B$8:$B$79,A18,'Đo năng lực'!$C$8:$C$79,B18,'Đo năng lực'!$E$8:$E$79,"Mới",'Đo năng lực'!$L$8:$L$79,"Hợp lệ")=0,"",SUMIFS('Đo năng lực'!$H$8:$H$79,'Đo năng lực'!$A$8:$A$79,">="&$B$4,'Đo năng lực'!$A$8:$A$79,"<"&($B$4+7),'Đo năng lực'!$B$8:$B$79,A18,'Đo năng lực'!$C$8:$C$79,B18,'Đo năng lực'!$E$8:$E$79,"Mới",'Đo năng lực'!$L$8:$L$79,"Hợp lệ")) | G18: =IF(COUNT(D18)=0,"Chưa đo",IF(D18<10,"Mẫu nhỏ","Có "&D18&" câu")) -> Chưa đo
A19: N4 | B19: Ngữ pháp | C19: =IF(COUNTIFS('Đo năng lực'!$A$8:$A$79,">="&$B$4,'Đo năng lực'!$A$8:$A$79,"<"&($B$4+7),'Đo năng lực'!$B$8:$B$79,A19,'Đo năng lực'!$C$8:$C$79,B19,'Đo năng lực'!$E$8:$E$79,"Mới",'Đo năng lực'!$L$8:$L$79,"Hợp lệ")=0,"",SUMIFS('Đo năng lực'!$F$8:$F$79,'Đo năng lực'!$A$8:$A$79,">="&$B$4,'Đo năng lực'!$A$8:$A$79,"<"&($B$4+7),'Đo năng lực'!$B$8:$B$79,A19,'Đo năng lực'!$C$8:$C$79,B19,'Đo năng lực'!$E$8:$E$79,"Mới",'Đo năng lực'!$L$8:$L$79,"Hợp lệ")) | D19: =IF(COUNTIFS('Đo năng lực'!$A$8:$A$79,">="&$B$4,'Đo năng lực'!$A$8:$A$79,"<"&($B$4+7),'Đo năng lực'!$B$8:$B$79,A19,'Đo năng lực'!$C$8:$C$79,B19,'Đo năng lực'!$E$8:$E$79,"Mới",'Đo năng lực'!$L$8:$L$79,"Hợp lệ")=0,"",SUMIFS('Đo năng lực'!$G$8:$G$79,'Đo năng lực'!$A$8:$A$79,">="&$B$4,'Đo năng lực'!$A$8:$A$79,"<"&($B$4+7),'Đo năng lực'!$B$8:$B$79,A19,'Đo năng lực'!$C$8:$C$79,B19,'Đo năng lực'!$E$8:$E$79,"Mới",'Đo năng lực'!$L$8:$L$79,"Hợp lệ")) | E19: =IF(COUNT(C19:D19)<2,"",IF(D19>0,C19/D19,"")) | F19: =IF(COUNTIFS('Đo năng lực'!$A$8:$A$79,">="&$B$4,'Đo năng lực'!$A$8:$A$79,"<"&($B$4+7),'Đo năng lực'!$B$8:$B$79,A19,'Đo năng lực'!$C$8:$C$79,B19,'Đo năng lực'!$E$8:$E$79,"Mới",'Đo năng lực'!$L$8:$L$79,"Hợp lệ")=0,"",SUMIFS('Đo năng lực'!$H$8:$H$79,'Đo năng lực'!$A$8:$A$79,">="&$B$4,'Đo năng lực'!$A$8:$A$79,"<"&($B$4+7),'Đo năng lực'!$B$8:$B$79,A19,'Đo năng lực'!$C$8:$C$79,B19,'Đo năng lực'!$E$8:$E$79,"Mới",'Đo năng lực'!$L$8:$L$79,"Hợp lệ")) | G19: =IF(COUNT(D19)=0,"Chưa đo",IF(D19<10,"Mẫu nhỏ","Có "&D19&" câu")) -> Chưa đo
A20: N4 | B20: Đọc | C20: =IF(COUNTIFS('Đo năng lực'!$A$8:$A$79,">="&$B$4,'Đo năng lực'!$A$8:$A$79,"<"&($B$4+7),'Đo năng lực'!$B$8:$B$79,A20,'Đo năng lực'!$C$8:$C$79,B20,'Đo năng lực'!$E$8:$E$79,"Mới",'Đo năng lực'!$L$8:$L$79,"Hợp lệ")=0,"",SUMIFS('Đo năng lực'!$F$8:$F$79,'Đo năng lực'!$A$8:$A$79,">="&$B$4,'Đo năng lực'!$A$8:$A$79,"<"&($B$4+7),'Đo năng lực'!$B$8:$B$79,A20,'Đo năng lực'!$C$8:$C$79,B20,'Đo năng lực'!$E$8:$E$79,"Mới",'Đo năng lực'!$L$8:$L$79,"Hợp lệ")) | D20: =IF(COUNTIFS('Đo năng lực'!$A$8:$A$79,">="&$B$4,'Đo năng lực'!$A$8:$A$79,"<"&($B$4+7),'Đo năng lực'!$B$8:$B$79,A20,'Đo năng lực'!$C$8:$C$79,B20,'Đo năng lực'!$E$8:$E$79,"Mới",'Đo năng lực'!$L$8:$L$79,"Hợp lệ")=0,"",SUMIFS('Đo năng lực'!$G$8:$G$79,'Đo năng lực'!$A$8:$A$79,">="&$B$4,'Đo năng lực'!$A$8:$A$79,"<"&($B$4+7),'Đo năng lực'!$B$8:$B$79,A20,'Đo năng lực'!$C$8:$C$79,B20,'Đo năng lực'!$E$8:$E$79,"Mới",'Đo năng lực'!$L$8:$L$79,"Hợp lệ")) | E20: =IF(COUNT(C20:D20)<2,"",IF(D20>0,C20/D20,"")) | F20: =IF(COUNTIFS('Đo năng lực'!$A$8:$A$79,">="&$B$4,'Đo năng lực'!$A$8:$A$79,"<"&($B$4+7),'Đo năng lực'!$B$8:$B$79,A20,'Đo năng lực'!$C$8:$C$79,B20,'Đo năng lực'!$E$8:$E$79,"Mới",'Đo năng lực'!$L$8:$L$79,"Hợp lệ")=0,"",SUMIFS('Đo năng lực'!$H$8:$H$79,'Đo năng lực'!$A$8:$A$79,">="&$B$4,'Đo năng lực'!$A$8:$A$79,"<"&($B$4+7),'Đo năng lực'!$B$8:$B$79,A20,'Đo năng lực'!$C$8:$C$79,B20,'Đo năng lực'!$E$8:$E$79,"Mới",'Đo năng lực'!$L$8:$L$79,"Hợp lệ")) | G20: =IF(COUNT(D20)=0,"Chưa đo",IF(D20<10,"Mẫu nhỏ","Có "&D20&" câu")) -> Chưa đo
A21: N4 | B21: Nghe | C21: =IF(COUNTIFS('Đo năng lực'!$A$8:$A$79,">="&$B$4,'Đo năng lực'!$A$8:$A$79,"<"&($B$4+7),'Đo năng lực'!$B$8:$B$79,A21,'Đo năng lực'!$C$8:$C$79,B21,'Đo năng lực'!$E$8:$E$79,"Mới",'Đo năng lực'!$L$8:$L$79,"Hợp lệ")=0,"",SUMIFS('Đo năng lực'!$F$8:$F$79,'Đo năng lực'!$A$8:$A$79,">="&$B$4,'Đo năng lực'!$A$8:$A$79,"<"&($B$4+7),'Đo năng lực'!$B$8:$B$79,A21,'Đo năng lực'!$C$8:$C$79,B21,'Đo năng lực'!$E$8:$E$79,"Mới",'Đo năng lực'!$L$8:$L$79,"Hợp lệ")) | D21: =IF(COUNTIFS('Đo năng lực'!$A$8:$A$79,">="&$B$4,'Đo năng lực'!$A$8:$A$79,"<"&($B$4+7),'Đo năng lực'!$B$8:$B$79,A21,'Đo năng lực'!$C$8:$C$79,B21,'Đo năng lực'!$E$8:$E$79,"Mới",'Đo năng lực'!$L$8:$L$79,"Hợp lệ")=0,"",SUMIFS('Đo năng lực'!$G$8:$G$79,'Đo năng lực'!$A$8:$A$79,">="&$B$4,'Đo năng lực'!$A$8:$A$79,"<"&($B$4+7),'Đo năng lực'!$B$8:$B$79,A21,'Đo năng lực'!$C$8:$C$79,B21,'Đo năng lực'!$E$8:$E$79,"Mới",'Đo năng lực'!$L$8:$L$79,"Hợp lệ")) | E21: =IF(COUNT(C21:D21)<2,"",IF(D21>0,C21/D21,"")) | F21: =IF(COUNTIFS('Đo năng lực'!$A$8:$A$79,">="&$B$4,'Đo năng lực'!$A$8:$A$79,"<"&($B$4+7),'Đo năng lực'!$B$8:$B$79,A21,'Đo năng lực'!$C$8:$C$79,B21,'Đo năng lực'!$E$8:$E$79,"Mới",'Đo năng lực'!$L$8:$L$79,"Hợp lệ")=0,"",SUMIFS('Đo năng lực'!$H$8:$H$79,'Đo năng lực'!$A$8:$A$79,">="&$B$4,'Đo năng lực'!$A$8:$A$79,"<"&($B$4+7),'Đo năng lực'!$B$8:$B$79,A21,'Đo năng lực'!$C$8:$C$79,B21,'Đo năng lực'!$E$8:$E$79,"Mới",'Đo năng lực'!$L$8:$L$79,"Hợp lệ")) | G21: =IF(COUNT(D21)=0,"Chưa đo",IF(D21<10,"Mẫu nhỏ","Có "&D21&" câu")) -> Chưa đo
A22: N3 | B22: Từ và kanji | C22: =IF(COUNTIFS('Đo năng lực'!$A$8:$A$79,">="&$B$4,'Đo năng lực'!$A$8:$A$79,"<"&($B$4+7),'Đo năng lực'!$B$8:$B$79,A22,'Đo năng lực'!$C$8:$C$79,B22,'Đo năng lực'!$E$8:$E$79,"Mới",'Đo năng lực'!$L$8:$L$79,"Hợp lệ")=0,"",SUMIFS('Đo năng lực'!$F$8:$F$79,'Đo năng lực'!$A$8:$A$79,">="&$B$4,'Đo năng lực'!$A$8:$A$79,"<"&($B$4+7),'Đo năng lực'!$B$8:$B$79,A22,'Đo năng lực'!$C$8:$C$79,B22,'Đo năng lực'!$E$8:$E$79,"Mới",'Đo năng lực'!$L$8:$L$79,"Hợp lệ")) | D22: =IF(COUNTIFS('Đo năng lực'!$A$8:$A$79,">="&$B$4,'Đo năng lực'!$A$8:$A$79,"<"&($B$4+7),'Đo năng lực'!$B$8:$B$79,A22,'Đo năng lực'!$C$8:$C$79,B22,'Đo năng lực'!$E$8:$E$79,"Mới",'Đo năng lực'!$L$8:$L$79,"Hợp lệ")=0,"",SUMIFS('Đo năng lực'!$G$8:$G$79,'Đo năng lực'!$A$8:$A$79,">="&$B$4,'Đo năng lực'!$A$8:$A$79,"<"&($B$4+7),'Đo năng lực'!$B$8:$B$79,A22,'Đo năng lực'!$C$8:$C$79,B22,'Đo năng lực'!$E$8:$E$79,"Mới",'Đo năng lực'!$L$8:$L$79,"Hợp lệ")) | E22: =IF(COUNT(C22:D22)<2,"",IF(D22>0,C22/D22,"")) | F22: =IF(COUNTIFS('Đo năng lực'!$A$8:$A$79,">="&$B$4,'Đo năng lực'!$A$8:$A$79,"<"&($B$4+7),'Đo năng lực'!$B$8:$B$79,A22,'Đo năng lực'!$C$8:$C$79,B22,'Đo năng lực'!$E$8:$E$79,"Mới",'Đo năng lực'!$L$8:$L$79,"Hợp lệ")=0,"",SUMIFS('Đo năng lực'!$H$8:$H$79,'Đo năng lực'!$A$8:$A$79,">="&$B$4,'Đo năng lực'!$A$8:$A$79,"<"&($B$4+7),'Đo năng lực'!$B$8:$B$79,A22,'Đo năng lực'!$C$8:$C$79,B22,'Đo năng lực'!$E$8:$E$79,"Mới",'Đo năng lực'!$L$8:$L$79,"Hợp lệ")) | G22: =IF(COUNT(D22)=0,"Chưa đo",IF(D22<10,"Mẫu nhỏ","Có "&D22&" câu")) -> Chưa đo
A23: N3 | B23: Ngữ pháp | C23: =IF(COUNTIFS('Đo năng lực'!$A$8:$A$79,">="&$B$4,'Đo năng lực'!$A$8:$A$79,"<"&($B$4+7),'Đo năng lực'!$B$8:$B$79,A23,'Đo năng lực'!$C$8:$C$79,B23,'Đo năng lực'!$E$8:$E$79,"Mới",'Đo năng lực'!$L$8:$L$79,"Hợp lệ")=0,"",SUMIFS('Đo năng lực'!$F$8:$F$79,'Đo năng lực'!$A$8:$A$79,">="&$B$4,'Đo năng lực'!$A$8:$A$79,"<"&($B$4+7),'Đo năng lực'!$B$8:$B$79,A23,'Đo năng lực'!$C$8:$C$79,B23,'Đo năng lực'!$E$8:$E$79,"Mới",'Đo năng lực'!$L$8:$L$79,"Hợp lệ")) | D23: =IF(COUNTIFS('Đo năng lực'!$A$8:$A$79,">="&$B$4,'Đo năng lực'!$A$8:$A$79,"<"&($B$4+7),'Đo năng lực'!$B$8:$B$79,A23,'Đo năng lực'!$C$8:$C$79,B23,'Đo năng lực'!$E$8:$E$79,"Mới",'Đo năng lực'!$L$8:$L$79,"Hợp lệ")=0,"",SUMIFS('Đo năng lực'!$G$8:$G$79,'Đo năng lực'!$A$8:$A$79,">="&$B$4,'Đo năng lực'!$A$8:$A$79,"<"&($B$4+7),'Đo năng lực'!$B$8:$B$79,A23,'Đo năng lực'!$C$8:$C$79,B23,'Đo năng lực'!$E$8:$E$79,"Mới",'Đo năng lực'!$L$8:$L$79,"Hợp lệ")) | E23: =IF(COUNT(C23:D23)<2,"",IF(D23>0,C23/D23,"")) | F23: =IF(COUNTIFS('Đo năng lực'!$A$8:$A$79,">="&$B$4,'Đo năng lực'!$A$8:$A$79,"<"&($B$4+7),'Đo năng lực'!$B$8:$B$79,A23,'Đo năng lực'!$C$8:$C$79,B23,'Đo năng lực'!$E$8:$E$79,"Mới",'Đo năng lực'!$L$8:$L$79,"Hợp lệ")=0,"",SUMIFS('Đo năng lực'!$H$8:$H$79,'Đo năng lực'!$A$8:$A$79,">="&$B$4,'Đo năng lực'!$A$8:$A$79,"<"&($B$4+7),'Đo năng lực'!$B$8:$B$79,A23,'Đo năng lực'!$C$8:$C$79,B23,'Đo năng lực'!$E$8:$E$79,"Mới",'Đo năng lực'!$L$8:$L$79,"Hợp lệ")) | G23: =IF(COUNT(D23)=0,"Chưa đo",IF(D23<10,"Mẫu nhỏ","Có "&D23&" câu")) -> Chưa đo
A24: N3 | B24: Đọc | C24: =IF(COUNTIFS('Đo năng lực'!$A$8:$A$79,">="&$B$4,'Đo năng lực'!$A$8:$A$79,"<"&($B$4+7),'Đo năng lực'!$B$8:$B$79,A24,'Đo năng lực'!$C$8:$C$79,B24,'Đo năng lực'!$E$8:$E$79,"Mới",'Đo năng lực'!$L$8:$L$79,"Hợp lệ")=0,"",SUMIFS('Đo năng lực'!$F$8:$F$79,'Đo năng lực'!$A$8:$A$79,">="&$B$4,'Đo năng lực'!$A$8:$A$79,"<"&($B$4+7),'Đo năng lực'!$B$8:$B$79,A24,'Đo năng lực'!$C$8:$C$79,B24,'Đo năng lực'!$E$8:$E$79,"Mới",'Đo năng lực'!$L$8:$L$79,"Hợp lệ")) | D24: =IF(COUNTIFS('Đo năng lực'!$A$8:$A$79,">="&$B$4,'Đo năng lực'!$A$8:$A$79,"<"&($B$4+7),'Đo năng lực'!$B$8:$B$79,A24,'Đo năng lực'!$C$8:$C$79,B24,'Đo năng lực'!$E$8:$E$79,"Mới",'Đo năng lực'!$L$8:$L$79,"Hợp lệ")=0,"",SUMIFS('Đo năng lực'!$G$8:$G$79,'Đo năng lực'!$A$8:$A$79,">="&$B$4,'Đo năng lực'!$A$8:$A$79,"<"&($B$4+7),'Đo năng lực'!$B$8:$B$79,A24,'Đo năng lực'!$C$8:$C$79,B24,'Đo năng lực'!$E$8:$E$79,"Mới",'Đo năng lực'!$L$8:$L$79,"Hợp lệ")) | E24: =IF(COUNT(C24:D24)<2,"",IF(D24>0,C24/D24,"")) | F24: =IF(COUNTIFS('Đo năng lực'!$A$8:$A$79,">="&$B$4,'Đo năng lực'!$A$8:$A$79,"<"&($B$4+7),'Đo năng lực'!$B$8:$B$79,A24,'Đo năng lực'!$C$8:$C$79,B24,'Đo năng lực'!$E$8:$E$79,"Mới",'Đo năng lực'!$L$8:$L$79,"Hợp lệ")=0,"",SUMIFS('Đo năng lực'!$H$8:$H$79,'Đo năng lực'!$A$8:$A$79,">="&$B$4,'Đo năng lực'!$A$8:$A$79,"<"&($B$4+7),'Đo năng lực'!$B$8:$B$79,A24,'Đo năng lực'!$C$8:$C$79,B24,'Đo năng lực'!$E$8:$E$79,"Mới",'Đo năng lực'!$L$8:$L$79,"Hợp lệ")) | G24: =IF(COUNT(D24)=0,"Chưa đo",IF(D24<10,"Mẫu nhỏ","Có "&D24&" câu")) -> Chưa đo
A25: N3 | B25: Nghe | C25: =IF(COUNTIFS('Đo năng lực'!$A$8:$A$79,">="&$B$4,'Đo năng lực'!$A$8:$A$79,"<"&($B$4+7),'Đo năng lực'!$B$8:$B$79,A25,'Đo năng lực'!$C$8:$C$79,B25,'Đo năng lực'!$E$8:$E$79,"Mới",'Đo năng lực'!$L$8:$L$79,"Hợp lệ")=0,"",SUMIFS('Đo năng lực'!$F$8:$F$79,'Đo năng lực'!$A$8:$A$79,">="&$B$4,'Đo năng lực'!$A$8:$A$79,"<"&($B$4+7),'Đo năng lực'!$B$8:$B$79,A25,'Đo năng lực'!$C$8:$C$79,B25,'Đo năng lực'!$E$8:$E$79,"Mới",'Đo năng lực'!$L$8:$L$79,"Hợp lệ")) | D25: =IF(COUNTIFS('Đo năng lực'!$A$8:$A$79,">="&$B$4,'Đo năng lực'!$A$8:$A$79,"<"&($B$4+7),'Đo năng lực'!$B$8:$B$79,A25,'Đo năng lực'!$C$8:$C$79,B25,'Đo năng lực'!$E$8:$E$79,"Mới",'Đo năng lực'!$L$8:$L$79,"Hợp lệ")=0,"",SUMIFS('Đo năng lực'!$G$8:$G$79,'Đo năng lực'!$A$8:$A$79,">="&$B$4,'Đo năng lực'!$A$8:$A$79,"<"&($B$4+7),'Đo năng lực'!$B$8:$B$79,A25,'Đo năng lực'!$C$8:$C$79,B25,'Đo năng lực'!$E$8:$E$79,"Mới",'Đo năng lực'!$L$8:$L$79,"Hợp lệ")) | E25: =IF(COUNT(C25:D25)<2,"",IF(D25>0,C25/D25,"")) | F25: =IF(COUNTIFS('Đo năng lực'!$A$8:$A$79,">="&$B$4,'Đo năng lực'!$A$8:$A$79,"<"&($B$4+7),'Đo năng lực'!$B$8:$B$79,A25,'Đo năng lực'!$C$8:$C$79,B25,'Đo năng lực'!$E$8:$E$79,"Mới",'Đo năng lực'!$L$8:$L$79,"Hợp lệ")=0,"",SUMIFS('Đo năng lực'!$H$8:$H$79,'Đo năng lực'!$A$8:$A$79,">="&$B$4,'Đo năng lực'!$A$8:$A$79,"<"&($B$4+7),'Đo năng lực'!$B$8:$B$79,A25,'Đo năng lực'!$C$8:$C$79,B25,'Đo năng lực'!$E$8:$E$79,"Mới",'Đo năng lực'!$L$8:$L$79,"Hợp lệ")) | G25: =IF(COUNT(D25)=0,"Chưa đo",IF(D25<10,"Mẫu nhỏ","Có "&D25&" câu")) -> Chưa đo
A26: N2 | B26: Từ và kanji | C26: =IF(COUNTIFS('Đo năng lực'!$A$8:$A$79,">="&$B$4,'Đo năng lực'!$A$8:$A$79,"<"&($B$4+7),'Đo năng lực'!$B$8:$B$79,A26,'Đo năng lực'!$C$8:$C$79,B26,'Đo năng lực'!$E$8:$E$79,"Mới",'Đo năng lực'!$L$8:$L$79,"Hợp lệ")=0,"",SUMIFS('Đo năng lực'!$F$8:$F$79,'Đo năng lực'!$A$8:$A$79,">="&$B$4,'Đo năng lực'!$A$8:$A$79,"<"&($B$4+7),'Đo năng lực'!$B$8:$B$79,A26,'Đo năng lực'!$C$8:$C$79,B26,'Đo năng lực'!$E$8:$E$79,"Mới",'Đo năng lực'!$L$8:$L$79,"Hợp lệ")) | D26: =IF(COUNTIFS('Đo năng lực'!$A$8:$A$79,">="&$B$4,'Đo năng lực'!$A$8:$A$79,"<"&($B$4+7),'Đo năng lực'!$B$8:$B$79,A26,'Đo năng lực'!$C$8:$C$79,B26,'Đo năng lực'!$E$8:$E$79,"Mới",'Đo năng lực'!$L$8:$L$79,"Hợp lệ")=0,"",SUMIFS('Đo năng lực'!$G$8:$G$79,'Đo năng lực'!$A$8:$A$79,">="&$B$4,'Đo năng lực'!$A$8:$A$79,"<"&($B$4+7),'Đo năng lực'!$B$8:$B$79,A26,'Đo năng lực'!$C$8:$C$79,B26,'Đo năng lực'!$E$8:$E$79,"Mới",'Đo năng lực'!$L$8:$L$79,"Hợp lệ")) | E26: =IF(COUNT(C26:D26)<2,"",IF(D26>0,C26/D26,"")) | F26: =IF(COUNTIFS('Đo năng lực'!$A$8:$A$79,">="&$B$4,'Đo năng lực'!$A$8:$A$79,"<"&($B$4+7),'Đo năng lực'!$B$8:$B$79,A26,'Đo năng lực'!$C$8:$C$79,B26,'Đo năng lực'!$E$8:$E$79,"Mới",'Đo năng lực'!$L$8:$L$79,"Hợp lệ")=0,"",SUMIFS('Đo năng lực'!$H$8:$H$79,'Đo năng lực'!$A$8:$A$79,">="&$B$4,'Đo năng lực'!$A$8:$A$79,"<"&($B$4+7),'Đo năng lực'!$B$8:$B$79,A26,'Đo năng lực'!$C$8:$C$79,B26,'Đo năng lực'!$E$8:$E$79,"Mới",'Đo năng lực'!$L$8:$L$79,"Hợp lệ")) | G26: =IF(COUNT(D26)=0,"Chưa đo",IF(D26<10,"Mẫu nhỏ","Có "&D26&" câu")) -> Chưa đo
A27: N2 | B27: Ngữ pháp | C27: =IF(COUNTIFS('Đo năng lực'!$A$8:$A$79,">="&$B$4,'Đo năng lực'!$A$8:$A$79,"<"&($B$4+7),'Đo năng lực'!$B$8:$B$79,A27,'Đo năng lực'!$C$8:$C$79,B27,'Đo năng lực'!$E$8:$E$79,"Mới",'Đo năng lực'!$L$8:$L$79,"Hợp lệ")=0,"",SUMIFS('Đo năng lực'!$F$8:$F$79,'Đo năng lực'!$A$8:$A$79,">="&$B$4,'Đo năng lực'!$A$8:$A$79,"<"&($B$4+7),'Đo năng lực'!$B$8:$B$79,A27,'Đo năng lực'!$C$8:$C$79,B27,'Đo năng lực'!$E$8:$E$79,"Mới",'Đo năng lực'!$L$8:$L$79,"Hợp lệ")) | D27: =IF(COUNTIFS('Đo năng lực'!$A$8:$A$79,">="&$B$4,'Đo năng lực'!$A$8:$A$79,"<"&($B$4+7),'Đo năng lực'!$B$8:$B$79,A27,'Đo năng lực'!$C$8:$C$79,B27,'Đo năng lực'!$E$8:$E$79,"Mới",'Đo năng lực'!$L$8:$L$79,"Hợp lệ")=0,"",SUMIFS('Đo năng lực'!$G$8:$G$79,'Đo năng lực'!$A$8:$A$79,">="&$B$4,'Đo năng lực'!$A$8:$A$79,"<"&($B$4+7),'Đo năng lực'!$B$8:$B$79,A27,'Đo năng lực'!$C$8:$C$79,B27,'Đo năng lực'!$E$8:$E$79,"Mới",'Đo năng lực'!$L$8:$L$79,"Hợp lệ")) | E27: =IF(COUNT(C27:D27)<2,"",IF(D27>0,C27/D27,"")) | F27: =IF(COUNTIFS('Đo năng lực'!$A$8:$A$79,">="&$B$4,'Đo năng lực'!$A$8:$A$79,"<"&($B$4+7),'Đo năng lực'!$B$8:$B$79,A27,'Đo năng lực'!$C$8:$C$79,B27,'Đo năng lực'!$E$8:$E$79,"Mới",'Đo năng lực'!$L$8:$L$79,"Hợp lệ")=0,"",SUMIFS('Đo năng lực'!$H$8:$H$79,'Đo năng lực'!$A$8:$A$79,">="&$B$4,'Đo năng lực'!$A$8:$A$79,"<"&($B$4+7),'Đo năng lực'!$B$8:$B$79,A27,'Đo năng lực'!$C$8:$C$79,B27,'Đo năng lực'!$E$8:$E$79,"Mới",'Đo năng lực'!$L$8:$L$79,"Hợp lệ")) | G27: =IF(COUNT(D27)=0,"Chưa đo",IF(D27<10,"Mẫu nhỏ","Có "&D27&" câu")) -> Chưa đo
A28: N2 | B28: Đọc | C28: =IF(COUNTIFS('Đo năng lực'!$A$8:$A$79,">="&$B$4,'Đo năng lực'!$A$8:$A$79,"<"&($B$4+7),'Đo năng lực'!$B$8:$B$79,A28,'Đo năng lực'!$C$8:$C$79,B28,'Đo năng lực'!$E$8:$E$79,"Mới",'Đo năng lực'!$L$8:$L$79,"Hợp lệ")=0,"",SUMIFS('Đo năng lực'!$F$8:$F$79,'Đo năng lực'!$A$8:$A$79,">="&$B$4,'Đo năng lực'!$A$8:$A$79,"<"&($B$4+7),'Đo năng lực'!$B$8:$B$79,A28,'Đo năng lực'!$C$8:$C$79,B28,'Đo năng lực'!$E$8:$E$79,"Mới",'Đo năng lực'!$L$8:$L$79,"Hợp lệ")) | D28: =IF(COUNTIFS('Đo năng lực'!$A$8:$A$79,">="&$B$4,'Đo năng lực'!$A$8:$A$79,"<"&($B$4+7),'Đo năng lực'!$B$8:$B$79,A28,'Đo năng lực'!$C$8:$C$79,B28,'Đo năng lực'!$E$8:$E$79,"Mới",'Đo năng lực'!$L$8:$L$79,"Hợp lệ")=0,"",SUMIFS('Đo năng lực'!$G$8:$G$79,'Đo năng lực'!$A$8:$A$79,">="&$B$4,'Đo năng lực'!$A$8:$A$79,"<"&($B$4+7),'Đo năng lực'!$B$8:$B$79,A28,'Đo năng lực'!$C$8:$C$79,B28,'Đo năng lực'!$E$8:$E$79,"Mới",'Đo năng lực'!$L$8:$L$79,"Hợp lệ")) | E28: =IF(COUNT(C28:D28)<2,"",IF(D28>0,C28/D28,"")) | F28: =IF(COUNTIFS('Đo năng lực'!$A$8:$A$79,">="&$B$4,'Đo năng lực'!$A$8:$A$79,"<"&($B$4+7),'Đo năng lực'!$B$8:$B$79,A28,'Đo năng lực'!$C$8:$C$79,B28,'Đo năng lực'!$E$8:$E$79,"Mới",'Đo năng lực'!$L$8:$L$79,"Hợp lệ")=0,"",SUMIFS('Đo năng lực'!$H$8:$H$79,'Đo năng lực'!$A$8:$A$79,">="&$B$4,'Đo năng lực'!$A$8:$A$79,"<"&($B$4+7),'Đo năng lực'!$B$8:$B$79,A28,'Đo năng lực'!$C$8:$C$79,B28,'Đo năng lực'!$E$8:$E$79,"Mới",'Đo năng lực'!$L$8:$L$79,"Hợp lệ")) | G28: =IF(COUNT(D28)=0,"Chưa đo",IF(D28<10,"Mẫu nhỏ","Có "&D28&" câu")) -> Chưa đo
A29: N2 | B29: Nghe | C29: =IF(COUNTIFS('Đo năng lực'!$A$8:$A$79,">="&$B$4,'Đo năng lực'!$A$8:$A$79,"<"&($B$4+7),'Đo năng lực'!$B$8:$B$79,A29,'Đo năng lực'!$C$8:$C$79,B29,'Đo năng lực'!$E$8:$E$79,"Mới",'Đo năng lực'!$L$8:$L$79,"Hợp lệ")=0,"",SUMIFS('Đo năng lực'!$F$8:$F$79,'Đo năng lực'!$A$8:$A$79,">="&$B$4,'Đo năng lực'!$A$8:$A$79,"<"&($B$4+7),'Đo năng lực'!$B$8:$B$79,A29,'Đo năng lực'!$C$8:$C$79,B29,'Đo năng lực'!$E$8:$E$79,"Mới",'Đo năng lực'!$L$8:$L$79,"Hợp lệ")) | D29: =IF(COUNTIFS('Đo năng lực'!$A$8:$A$79,">="&$B$4,'Đo năng lực'!$A$8:$A$79,"<"&($B$4+7),'Đo năng lực'!$B$8:$B$79,A29,'Đo năng lực'!$C$8:$C$79,B29,'Đo năng lực'!$E$8:$E$79,"Mới",'Đo năng lực'!$L$8:$L$79,"Hợp lệ")=0,"",SUMIFS('Đo năng lực'!$G$8:$G$79,'Đo năng lực'!$A$8:$A$79,">="&$B$4,'Đo năng lực'!$A$8:$A$79,"<"&($B$4+7),'Đo năng lực'!$B$8:$B$79,A29,'Đo năng lực'!$C$8:$C$79,B29,'Đo năng lực'!$E$8:$E$79,"Mới",'Đo năng lực'!$L$8:$L$79,"Hợp lệ")) | E29: =IF(COUNT(C29:D29)<2,"",IF(D29>0,C29/D29,"")) | F29: =IF(COUNTIFS('Đo năng lực'!$A$8:$A$79,">="&$B$4,'Đo năng lực'!$A$8:$A$79,"<"&($B$4+7),'Đo năng lực'!$B$8:$B$79,A29,'Đo năng lực'!$C$8:$C$79,B29,'Đo năng lực'!$E$8:$E$79,"Mới",'Đo năng lực'!$L$8:$L$79,"Hợp lệ")=0,"",SUMIFS('Đo năng lực'!$H$8:$H$79,'Đo năng lực'!$A$8:$A$79,">="&$B$4,'Đo năng lực'!$A$8:$A$79,"<"&($B$4+7),'Đo năng lực'!$B$8:$B$79,A29,'Đo năng lực'!$C$8:$C$79,B29,'Đo năng lực'!$E$8:$E$79,"Mới",'Đo năng lực'!$L$8:$L$79,"Hợp lệ")) | G29: =IF(COUNT(D29)=0,"Chưa đo",IF(D29<10,"Mẫu nhỏ","Có "&D29&" câu")) -> Chưa đo
A31: Khối N4 đã chấm | B31: =COUNTIF('Làm nhanh'!$P$172:$P$177,"Đã chấm")&"/6 khối" -> 0/6 khối | D31: N3 tùy chọn | E31: =COUNTIF('Làm nhanh'!$P$178:$P$182,"Đã chấm")&"/5 khối" -> 0/5 khối
A33: Mở Làm nhanh | D33: Ghi nhật ký ngày
A35: Màu 60% và 80% là mốc quan sát, không phải ngưỡng đỗ. Không đổi độ đúng thô sang điểm JLPT.
A36: Trống là chưa có dữ liệu. Cỡ mẫu nhỏ cần đo thêm câu chưa thấy; không kết luận cấp độ từ vài câu.
A38: Ngày bắt đầu thật | C38: D7 (+7 ngày) | D38: =IF(IF(ISNUMBER($B$38),AND($B$38>=1,$B$38<=2958451,MOD($B$38,1)=0),FALSE),B38+7,"Chưa đủ dữ liệu") -> Chưa đủ dữ liệu | E38: D14 (+14 ngày) | F38: =IF(IF(ISNUMBER($B$38),AND($B$38>=1,$B$38<=2958451,MOD($B$38,1)=0),FALSE),B38+14,"Chưa đủ dữ liệu") -> Chưa đủ dữ liệu
A40: D7: dữ liệu để xem | B40: =IF(NOT(IF(ISNUMBER($B$38),AND($B$38>=1,$B$38<=2958451,MOD($B$38,1)=0),FALSE)),"Chưa đủ dữ liệu",IF(AND(COUNTIFS('Nhật ký'!$A$8:$A$59,">="&$B$38,'Nhật ký'!$A$8:$A$59,"<="&($B$38+7),'Nhật ký'!$J$8:$J$59,"Hợp lệ")>=3,SUMIFS('Đo năng lực'!$G$8:$G$79,'Đo năng lực'!$A$8:$A$79,">="&$B$38,'Đo năng lực'!$A$8:$A$79,"<="&($B$38+7),'Đo năng lực'!$B$8:$B$79,"N4",'Đo năng lực'!$E$8:$E$79,"Mới",'Đo năng lực'!$L$8:$L$79,"Hợp lệ",'Đo năng lực'!$C$8:$C$79,"Ngữ pháp")>=10,SUMIFS('Đo năng lực'!$G$8:$G$79,'Đo năng lực'!$A$8:$A$79,">="&$B$38,'Đo năng lực'!$A$8:$A$79,"<="&($B$38+7),'Đo năng lực'!$B$8:$B$79,"N4",'Đo năng lực'!$E$8:$E$79,"Mới",'Đo năng lực'!$L$8:$L$79,"Hợp lệ",'Đo năng lực'!$C$8:$C$79,"Đọc")>=5,SUMIFS('Đo năng lực'!$G$8:$G$79,'Đo năng lực'!$A$8:$A$79,">="&$B$38,'Đo năng lực'!$A$8:$A$79,"<="&($B$38+7),'Đo năng lực'!$B$8:$B$79,"N4",'Đo năng lực'!$E$8:$E$79,"Mới",'Đo năng lực'!$L$8:$L$79,"Hợp lệ",'Đo năng lực'!$C$8:$C$79,"Nghe")>=5),"Có dữ liệu; tự đối chiếu trang 11","Chưa đủ dữ liệu")) -> Chưa đủ dữ liệu
A41: D14: dữ liệu để so | B41: =IF(NOT(IF(ISNUMBER($B$38),AND($B$38>=1,$B$38<=2958451,MOD($B$38,1)=0),FALSE)),"Chưa đủ dữ liệu",IF(AND(COUNTIFS('Nhật ký'!$A$8:$A$59,">="&$B$38,'Nhật ký'!$A$8:$A$59,"<="&($B$38+14),'Nhật ký'!$J$8:$J$59,"Hợp lệ")>=3,SUMIFS('Đo năng lực'!$G$8:$G$79,'Đo năng lực'!$A$8:$A$79,">="&$B$38,'Đo năng lực'!$A$8:$A$79,"<="&($B$38+14),'Đo năng lực'!$B$8:$B$79,"N4",'Đo năng lực'!$E$8:$E$79,"Mới",'Đo năng lực'!$L$8:$L$79,"Hợp lệ",'Đo năng lực'!$C$8:$C$79,"Ngữ pháp")>=10,SUMIFS('Đo năng lực'!$G$8:$G$79,'Đo năng lực'!$A$8:$A$79,">="&$B$38,'Đo năng lực'!$A$8:$A$79,"<="&($B$38+14),'Đo năng lực'!$B$8:$B$79,"N4",'Đo năng lực'!$E$8:$E$79,"Mới",'Đo năng lực'!$L$8:$L$79,"Hợp lệ",'Đo năng lực'!$C$8:$C$79,"Đọc")>=5,SUMIFS('Đo năng lực'!$G$8:$G$79,'Đo năng lực'!$A$8:$A$79,">="&$B$38,'Đo năng lực'!$A$8:$A$79,"<="&($B$38+14),'Đo năng lực'!$B$8:$B$79,"N4",'Đo năng lực'!$E$8:$E$79,"Mới",'Đo năng lực'!$L$8:$L$79,"Hợp lệ",'Đo năng lực'!$C$8:$C$79,"Nghe")>=5,COUNTIFS('Đo năng lực'!$A$8:$A$79,">="&$B$38,'Đo năng lực'!$A$8:$A$79,"<="&($B$38+14),'Đo năng lực'!$B$8:$B$79,"N4",'Đo năng lực'!$E$8:$E$79,"Mới",'Đo năng lực'!$L$8:$L$79,"Hợp lệ",'Đo năng lực'!$C$8:$C$79,"Ngữ pháp")>=2),"Có dữ liệu; tự đối chiếu trang 11","Chưa đủ dữ liệu")) -> Chưa đủ dữ liệu
A43: B38 không đổi ngày lịch sử. Đổi B4 để xem tuần chứa ngày hoàn tất.
A44: Chưa đủ dữ liệu là trạng thái hợp lệ; không tính khả năng đỗ N2.

Sheet Chẩn đoán
A2: Phiếu đáp án chẩn đoán N4 và N3
A4: Chế độ chi tiết được giữ nguyên. Mỗi khối chọn một chế độ: trang này hoặc Làm nhanh.
A5: Sau lượt đo mở khóa trong hướng dẫn PDF; chọn G Đúng/Sai/Bỏ trống, H mã lỗi nếu biết.
A6: Cuối khối bấm Ghi ngày/phút rồi nhập H ngày thật, I phút làm, J Mới/Ôn lại. Ô xanh tự tính. | M6: Khóa chính thức 2018, chỉ dùng tự học cá nhân; phần phụ trợ ẩn để tránh xem trước.
A7: Khối | B7: Cấp | C7: Kỹ năng | D7: Câu | E7: Nguồn | F7: Bạn chọn | G7: Tự chấm | H7: Mã lỗi | I7: Kết thúc khối | J7: Kiểm tra câu | K7: Số lựa chọn | M7: Mã câu | N7: Khóa đã đối chiếu | O7: Vị trí nguồn
A8: N4-G1 | B8: N4 | C8: Ngữ pháp | D8: 1 | E8: Mở đề | J8: =IF(AND(ISBLANK(F8),ISBLANK(G8),ISBLANK(H8)),"",IF(NOT(ISNUMBER(F8)),"Lỗi đáp án",IF(OR(F8<0,F8>K8,MOD(F8,1)<>0),"Lỗi đáp án",IF(AND(LEN(H8)>0,COUNTIF('Nhật ký'!$I$63:$I$69,H8)=0),"Lỗi mã",IF(AND(F8=0,G8="Bỏ trống"),"Đã chấm",IF(AND(F8>0,OR(G8="Đúng",G8="Sai")),"Đã chấm",IF(ISBLANK(G8),"Chưa chấm","Kiểm tra bỏ trống"))))))) | K8: 4 | M8: N4-G1:1 | N8: 3 | O8: N4answer.pdf p1
A9: N4-G1 | B9: N4 | C9: Ngữ pháp | D9: 2 | E9: Mở đề | J9: =IF(AND(ISBLANK(F9),ISBLANK(G9),ISBLANK(H9)),"",IF(NOT(ISNUMBER(F9)),"Lỗi đáp án",IF(OR(F9<0,F9>K9,MOD(F9,1)<>0),"Lỗi đáp án",IF(AND(LEN(H9)>0,COUNTIF('Nhật ký'!$I$63:$I$69,H9)=0),"Lỗi mã",IF(AND(F9=0,G9="Bỏ trống"),"Đã chấm",IF(AND(F9>0,OR(G9="Đúng",G9="Sai")),"Đã chấm",IF(ISBLANK(G9),"Chưa chấm","Kiểm tra bỏ trống"))))))) | K9: 4 | M9: N4-G1:2 | N9: 4 | O9: N4answer.pdf p1
A10: N4-G1 | B10: N4 | C10: Ngữ pháp | D10: 3 | E10: Mở đề | J10: =IF(AND(ISBLANK(F10),ISBLANK(G10),ISBLANK(H10)),"",IF(NOT(ISNUMBER(F10)),"Lỗi đáp án",IF(OR(F10<0,F10>K10,MOD(F10,1)<>0),"Lỗi đáp án",IF(AND(LEN(H10)>0,COUNTIF('Nhật ký'!$I$63:$I$69,H10)=0),"Lỗi mã",IF(AND(F10=0,G10="Bỏ trống"),"Đã chấm",IF(AND(F10>0,OR(G10="Đúng",G10="Sai")),"Đã chấm",IF(ISBLANK(G10),"Chưa chấm","Kiểm tra bỏ trống"))))))) | K10: 4 | M10: N4-G1:3 | N10: 2 | O10: N4answer.pdf p1
A11: N4-G1 | B11: N4 | C11: Ngữ pháp | D11: 4 | E11: Mở đề | J11: =IF(AND(ISBLANK(F11),ISBLANK(G11),ISBLANK(H11)),"",IF(NOT(ISNUMBER(F11)),"Lỗi đáp án",IF(OR(F11<0,F11>K11,MOD(F11,1)<>0),"Lỗi đáp án",IF(AND(LEN(H11)>0,COUNTIF('Nhật ký'!$I$63:$I$69,H11)=0),"Lỗi mã",IF(AND(F11=0,G11="Bỏ trống"),"Đã chấm",IF(AND(F11>0,OR(G11="Đúng",G11="Sai")),"Đã chấm",IF(ISBLANK(G11),"Chưa chấm","Kiểm tra bỏ trống"))))))) | K11: 4 | M11: N4-G1:4 | N11: 1 | O11: N4answer.pdf p1
A12: N4-G1 | B12: N4 | C12: Ngữ pháp | D12: 5 | E12: Mở đề | J12: =IF(AND(ISBLANK(F12),ISBLANK(G12),ISBLANK(H12)),"",IF(NOT(ISNUMBER(F12)),"Lỗi đáp án",IF(OR(F12<0,F12>K12,MOD(F12,1)<>0),"Lỗi đáp án",IF(AND(LEN(H12)>0,COUNTIF('Nhật ký'!$I$63:$I$69,H12)=0),"Lỗi mã",IF(AND(F12=0,G12="Bỏ trống"),"Đã chấm",IF(AND(F12>0,OR(G12="Đúng",G12="Sai")),"Đã chấm",IF(ISBLANK(G12),"Chưa chấm","Kiểm tra bỏ trống"))))))) | K12: 4 | M12: N4-G1:5 | N12: 4 | O12: N4answer.pdf p1
A13: N4-G1 | B13: N4 | C13: Ngữ pháp | D13: 6 | E13: Mở đề | I13: Ghi ngày/phút | J13: =IF(AND(ISBLANK(F13),ISBLANK(G13),ISBLANK(H13)),"",IF(NOT(ISNUMBER(F13)),"Lỗi đáp án",IF(OR(F13<0,F13>K13,MOD(F13,1)<>0),"Lỗi đáp án",IF(AND(LEN(H13)>0,COUNTIF('Nhật ký'!$I$63:$I$69,H13)=0),"Lỗi mã",IF(AND(F13=0,G13="Bỏ trống"),"Đã chấm",IF(AND(F13>0,OR(G13="Đúng",G13="Sai")),"Đã chấm",IF(ISBLANK(G13),"Chưa chấm","Kiểm tra bỏ trống"))))))) | K13: 4 | M13: N4-G1:6 | N13: 1 | O13: N4answer.pdf p1
A14: N4-G2 | B14: N4 | C14: Ngữ pháp | D14: 16 | E14: Mở đề | J14: =IF(AND(ISBLANK(F14),ISBLANK(G14),ISBLANK(H14)),"",IF(NOT(ISNUMBER(F14)),"Lỗi đáp án",IF(OR(F14<0,F14>K14,MOD(F14,1)<>0),"Lỗi đáp án",IF(AND(LEN(H14)>0,COUNTIF('Nhật ký'!$I$63:$I$69,H14)=0),"Lỗi mã",IF(AND(F14=0,G14="Bỏ trống"),"Đã chấm",IF(AND(F14>0,OR(G14="Đúng",G14="Sai")),"Đã chấm",IF(ISBLANK(G14),"Chưa chấm","Kiểm tra bỏ trống"))))))) | K14: 4 | M14: N4-G2:16 | N14: 1 | O14: N4answer.pdf p1
A15: N4-G2 | B15: N4 | C15: Ngữ pháp | D15: 17 | E15: Mở đề | J15: =IF(AND(ISBLANK(F15),ISBLANK(G15),ISBLANK(H15)),"",IF(NOT(ISNUMBER(F15)),"Lỗi đáp án",IF(OR(F15<0,F15>K15,MOD(F15,1)<>0),"Lỗi đáp án",IF(AND(LEN(H15)>0,COUNTIF('Nhật ký'!$I$63:$I$69,H15)=0),"Lỗi mã",IF(AND(F15=0,G15="Bỏ trống"),"Đã chấm",IF(AND(F15>0,OR(G15="Đúng",G15="Sai")),"Đã chấm",IF(ISBLANK(G15),"Chưa chấm","Kiểm tra bỏ trống"))))))) | K15: 4 | M15: N4-G2:17 | N15: 2 | O15: N4answer.pdf p1
A16: N4-G2 | B16: N4 | C16: Ngữ pháp | D16: 21 | E16: Mở đề | J16: =IF(AND(ISBLANK(F16),ISBLANK(G16),ISBLANK(H16)),"",IF(NOT(ISNUMBER(F16)),"Lỗi đáp án",IF(OR(F16<0,F16>K16,MOD(F16,1)<>0),"Lỗi đáp án",IF(AND(LEN(H16)>0,COUNTIF('Nhật ký'!$I$63:$I$69,H16)=0),"Lỗi mã",IF(AND(F16=0,G16="Bỏ trống"),"Đã chấm",IF(AND(F16>0,OR(G16="Đúng",G16="Sai")),"Đã chấm",IF(ISBLANK(G16),"Chưa chấm","Kiểm tra bỏ trống"))))))) | K16: 4 | M16: N4-G2:21 | N16: 3 | O16: N4answer.pdf p1
A17: N4-G2 | B17: N4 | C17: Ngữ pháp | D17: 22 | E17: Mở đề | J17: =IF(AND(ISBLANK(F17),ISBLANK(G17),ISBLANK(H17)),"",IF(NOT(ISNUMBER(F17)),"Lỗi đáp án",IF(OR(F17<0,F17>K17,MOD(F17,1)<>0),"Lỗi đáp án",IF(AND(LEN(H17)>0,COUNTIF('Nhật ký'!$I$63:$I$69,H17)=0),"Lỗi mã",IF(AND(F17=0,G17="Bỏ trống"),"Đã chấm",IF(AND(F17>0,OR(G17="Đúng",G17="Sai")),"Đã chấm",IF(ISBLANK(G17),"Chưa chấm","Kiểm tra bỏ trống"))))))) | K17: 4 | M17: N4-G2:22 | N17: 1 | O17: N4answer.pdf p1
A18: N4-G2 | B18: N4 | C18: Ngữ pháp | D18: 23 | E18: Mở đề | J18: =IF(AND(ISBLANK(F18),ISBLANK(G18),ISBLANK(H18)),"",IF(NOT(ISNUMBER(F18)),"Lỗi đáp án",IF(OR(F18<0,F18>K18,MOD(F18,1)<>0),"Lỗi đáp án",IF(AND(LEN(H18)>0,COUNTIF('Nhật ký'!$I$63:$I$69,H18)=0),"Lỗi mã",IF(AND(F18=0,G18="Bỏ trống"),"Đã chấm",IF(AND(F18>0,OR(G18="Đúng",G18="Sai")),"Đã chấm",IF(ISBLANK(G18),"Chưa chấm","Kiểm tra bỏ trống"))))))) | K18: 4 | M18: N4-G2:23 | N18: 4 | O18: N4answer.pdf p1
A19: N4-G2 | B19: N4 | C19: Ngữ pháp | D19: 24 | E19: Mở đề | J19: =IF(AND(ISBLANK(F19),ISBLANK(G19),ISBLANK(H19)),"",IF(NOT(ISNUMBER(F19)),"Lỗi đáp án",IF(OR(F19<0,F19>K19,MOD(F19,1)<>0),"Lỗi đáp án",IF(AND(LEN(H19)>0,COUNTIF('Nhật ký'!$I$63:$I$69,H19)=0),"Lỗi mã",IF(AND(F19=0,G19="Bỏ trống"),"Đã chấm",IF(AND(F19>0,OR(G19="Đúng",G19="Sai")),"Đã chấm",IF(ISBLANK(G19),"Chưa chấm","Kiểm tra bỏ trống"))))))) | K19: 4 | M19: N4-G2:24 | N19: 2 | O19: N4answer.pdf p1
A20: N4-G2 | B20: N4 | C20: Ngữ pháp | D20: 25 | E20: Mở đề | I20: Ghi ngày/phút | J20: =IF(AND(ISBLANK(F20),ISBLANK(G20),ISBLANK(H20)),"",IF(NOT(ISNUMBER(F20)),"Lỗi đáp án",IF(OR(F20<0,F20>K20,MOD(F20,1)<>0),"Lỗi đáp án",IF(AND(LEN(H20)>0,COUNTIF('Nhật ký'!$I$63:$I$69,H20)=0),"Lỗi mã",IF(AND(F20=0,G20="Bỏ trống"),"Đã chấm",IF(AND(F20>0,OR(G20="Đúng",G20="Sai")),"Đã chấm",IF(ISBLANK(G20),"Chưa chấm","Kiểm tra bỏ trống"))))))) | K20: 4 | M20: N4-G2:25 | N20: 3 | O20: N4answer.pdf p1
A21: N4-V | B21: N4 | C21: Từ và kanji | D21: 1 | E21: Mở đề | J21: =IF(AND(ISBLANK(F21),ISBLANK(G21),ISBLANK(H21)),"",IF(NOT(ISNUMBER(F21)),"Lỗi đáp án",IF(OR(F21<0,F21>K21,MOD(F21,1)<>0),"Lỗi đáp án",IF(AND(LEN(H21)>0,COUNTIF('Nhật ký'!$I$63:$I$69,H21)=0),"Lỗi mã",IF(AND(F21=0,G21="Bỏ trống"),"Đã chấm",IF(AND(F21>0,OR(G21="Đúng",G21="Sai")),"Đã chấm",IF(ISBLANK(G21),"Chưa chấm","Kiểm tra bỏ trống"))))))) | K21: 4 | M21: N4-V:1 | N21: 3 | O21: N4answer.pdf p1
A22: N4-V | B22: N4 | C22: Từ và kanji | D22: 2 | E22: Mở đề | J22: =IF(AND(ISBLANK(F22),ISBLANK(G22),ISBLANK(H22)),"",IF(NOT(ISNUMBER(F22)),"Lỗi đáp án",IF(OR(F22<0,F22>K22,MOD(F22,1)<>0),"Lỗi đáp án",IF(AND(LEN(H22)>0,COUNTIF('Nhật ký'!$I$63:$I$69,H22)=0),"Lỗi mã",IF(AND(F22=0,G22="Bỏ trống"),"Đã chấm",IF(AND(F22>0,OR(G22="Đúng",G22="Sai")),"Đã chấm",IF(ISBLANK(G22),"Chưa chấm","Kiểm tra bỏ trống"))))))) | K22: 4 | M22: N4-V:2 | N22: 4 | O22: N4answer.pdf p1
A23: N4-V | B23: N4 | C23: Từ và kanji | D23: 10 | E23: Mở đề | J23: =IF(AND(ISBLANK(F23),ISBLANK(G23),ISBLANK(H23)),"",IF(NOT(ISNUMBER(F23)),"Lỗi đáp án",IF(OR(F23<0,F23>K23,MOD(F23,1)<>0),"Lỗi đáp án",IF(AND(LEN(H23)>0,COUNTIF('Nhật ký'!$I$63:$I$69,H23)=0),"Lỗi mã",IF(AND(F23=0,G23="Bỏ trống"),"Đã chấm",IF(AND(F23>0,OR(G23="Đúng",G23="Sai")),"Đã chấm",IF(ISBLANK(G23),"Chưa chấm","Kiểm tra bỏ trống"))))))) | K23: 4 | M23: N4-V:10 | N23: 2 | O23: N4answer.pdf p1
A24: N4-V | B24: N4 | C24: Từ và kanji | D24: 11 | E24: Mở đề | J24: =IF(AND(ISBLANK(F24),ISBLANK(G24),ISBLANK(H24)),"",IF(NOT(ISNUMBER(F24)),"Lỗi đáp án",IF(OR(F24<0,F24>K24,MOD(F24,1)<>0),"Lỗi đáp án",IF(AND(LEN(H24)>0,COUNTIF('Nhật ký'!$I$63:$I$69,H24)=0),"Lỗi mã",IF(AND(F24=0,G24="Bỏ trống"),"Đã chấm",IF(AND(F24>0,OR(G24="Đúng",G24="Sai")),"Đã chấm",IF(ISBLANK(G24),"Chưa chấm","Kiểm tra bỏ trống"))))))) | K24: 4 | M24: N4-V:11 | N24: 3 | O24: N4answer.pdf p1
A25: N4-V | B25: N4 | C25: Từ và kanji | D25: 16 | E25: Mở đề | J25: =IF(AND(ISBLANK(F25),ISBLANK(G25),ISBLANK(H25)),"",IF(NOT(ISNUMBER(F25)),"Lỗi đáp án",IF(OR(F25<0,F25>K25,MOD(F25,1)<>0),"Lỗi đáp án",IF(AND(LEN(H25)>0,COUNTIF('Nhật ký'!$I$63:$I$69,H25)=0),"Lỗi mã",IF(AND(F25=0,G25="Bỏ trống"),"Đã chấm",IF(AND(F25>0,OR(G25="Đúng",G25="Sai")),"Đã chấm",IF(ISBLANK(G25),"Chưa chấm","Kiểm tra bỏ trống"))))))) | K25: 4 | M25: N4-V:16 | N25: 1 | O25: N4answer.pdf p1
A26: N4-V | B26: N4 | C26: Từ và kanji | D26: 17 | E26: Mở đề | J26: =IF(AND(ISBLANK(F26),ISBLANK(G26),ISBLANK(H26)),"",IF(NOT(ISNUMBER(F26)),"Lỗi đáp án",IF(OR(F26<0,F26>K26,MOD(F26,1)<>0),"Lỗi đáp án",IF(AND(LEN(H26)>0,COUNTIF('Nhật ký'!$I$63:$I$69,H26)=0),"Lỗi mã",IF(AND(F26=0,G26="Bỏ trống"),"Đã chấm",IF(AND(F26>0,OR(G26="Đúng",G26="Sai")),"Đã chấm",IF(ISBLANK(G26),"Chưa chấm","Kiểm tra bỏ trống"))))))) | K26: 4 | M26: N4-V:17 | N26: 2 | O26: N4answer.pdf p1
A27: N4-V | B27: N4 | C27: Từ và kanji | D27: 26 | E27: Mở đề | J27: =IF(AND(ISBLANK(F27),ISBLANK(G27),ISBLANK(H27)),"",IF(NOT(ISNUMBER(F27)),"Lỗi đáp án",IF(OR(F27<0,F27>K27,MOD(F27,1)<>0),"Lỗi đáp án",IF(AND(LEN(H27)>0,COUNTIF('Nhật ký'!$I$63:$I$69,H27)=0),"Lỗi mã",IF(AND(F27=0,G27="Bỏ trống"),"Đã chấm",IF(AND(F27>0,OR(G27="Đúng",G27="Sai")),"Đã chấm",IF(ISBLANK(G27),"Chưa chấm","Kiểm tra bỏ trống"))))))) | K27: 4 | M27: N4-V:26 | N27: 2 | O27: N4answer.pdf p1
A28: N4-V | B28: N4 | C28: Từ và kanji | D28: 27 | E28: Mở đề | J28: =IF(AND(ISBLANK(F28),ISBLANK(G28),ISBLANK(H28)),"",IF(NOT(ISNUMBER(F28)),"Lỗi đáp án",IF(OR(F28<0,F28>K28,MOD(F28,1)<>0),"Lỗi đáp án",IF(AND(LEN(H28)>0,COUNTIF('Nhật ký'!$I$63:$I$69,H28)=0),"Lỗi mã",IF(AND(F28=0,G28="Bỏ trống"),"Đã chấm",IF(AND(F28>0,OR(G28="Đúng",G28="Sai")),"Đã chấm",IF(ISBLANK(G28),"Chưa chấm","Kiểm tra bỏ trống"))))))) | K28: 4 | M28: N4-V:27 | N28: 2 | O28: N4answer.pdf p1
A29: N4-V | B29: N4 | C29: Từ và kanji | D29: 31 | E29: Mở đề | J29: =IF(AND(ISBLANK(F29),ISBLANK(G29),ISBLANK(H29)),"",IF(NOT(ISNUMBER(F29)),"Lỗi đáp án",IF(OR(F29<0,F29>K29,MOD(F29,1)<>0),"Lỗi đáp án",IF(AND(LEN(H29)>0,COUNTIF('Nhật ký'!$I$63:$I$69,H29)=0),"Lỗi mã",IF(AND(F29=0,G29="Bỏ trống"),"Đã chấm",IF(AND(F29>0,OR(G29="Đúng",G29="Sai")),"Đã chấm",IF(ISBLANK(G29),"Chưa chấm","Kiểm tra bỏ trống"))))))) | K29: 4 | M29: N4-V:31 | N29: 3 | O29: N4answer.pdf p1
A30: N4-V | B30: N4 | C30: Từ và kanji | D30: 32 | E30: Mở đề | I30: Ghi ngày/phút | J30: =IF(AND(ISBLANK(F30),ISBLANK(G30),ISBLANK(H30)),"",IF(NOT(ISNUMBER(F30)),"Lỗi đáp án",IF(OR(F30<0,F30>K30,MOD(F30,1)<>0),"Lỗi đáp án",IF(AND(LEN(H30)>0,COUNTIF('Nhật ký'!$I$63:$I$69,H30)=0),"Lỗi mã",IF(AND(F30=0,G30="Bỏ trống"),"Đã chấm",IF(AND(F30>0,OR(G30="Đúng",G30="Sai")),"Đã chấm",IF(ISBLANK(G30),"Chưa chấm","Kiểm tra bỏ trống"))))))) | K30: 4 | M30: N4-V:32 | N30: 1 | O30: N4answer.pdf p1
A31: N4-R | B31: N4 | C31: Đọc | D31: 26 | E31: Mở đề | J31: =IF(AND(ISBLANK(F31),ISBLANK(G31),ISBLANK(H31)),"",IF(NOT(ISNUMBER(F31)),"Lỗi đáp án",IF(OR(F31<0,F31>K31,MOD(F31,1)<>0),"Lỗi đáp án",IF(AND(LEN(H31)>0,COUNTIF('Nhật ký'!$I$63:$I$69,H31)=0),"Lỗi mã",IF(AND(F31=0,G31="Bỏ trống"),"Đã chấm",IF(AND(F31>0,OR(G31="Đúng",G31="Sai")),"Đã chấm",IF(ISBLANK(G31),"Chưa chấm","Kiểm tra bỏ trống"))))))) | K31: 4 | M31: N4-R:26 | N31: 4 | O31: N4answer.pdf p2
A32: N4-R | B32: N4 | C32: Đọc | D32: 30 | E32: Mở đề | J32: =IF(AND(ISBLANK(F32),ISBLANK(G32),ISBLANK(H32)),"",IF(NOT(ISNUMBER(F32)),"Lỗi đáp án",IF(OR(F32<0,F32>K32,MOD(F32,1)<>0),"Lỗi đáp án",IF(AND(LEN(H32)>0,COUNTIF('Nhật ký'!$I$63:$I$69,H32)=0),"Lỗi mã",IF(AND(F32=0,G32="Bỏ trống"),"Đã chấm",IF(AND(F32>0,OR(G32="Đúng",G32="Sai")),"Đã chấm",IF(ISBLANK(G32),"Chưa chấm","Kiểm tra bỏ trống"))))))) | K32: 4 | M32: N4-R:30 | N32: 3 | O32: N4answer.pdf p2
A33: N4-R | B33: N4 | C33: Đọc | D33: 31 | E33: Mở đề | J33: =IF(AND(ISBLANK(F33),ISBLANK(G33),ISBLANK(H33)),"",IF(NOT(ISNUMBER(F33)),"Lỗi đáp án",IF(OR(F33<0,F33>K33,MOD(F33,1)<>0),"Lỗi đáp án",IF(AND(LEN(H33)>0,COUNTIF('Nhật ký'!$I$63:$I$69,H33)=0),"Lỗi mã",IF(AND(F33=0,G33="Bỏ trống"),"Đã chấm",IF(AND(F33>0,OR(G33="Đúng",G33="Sai")),"Đã chấm",IF(ISBLANK(G33),"Chưa chấm","Kiểm tra bỏ trống"))))))) | K33: 4 | M33: N4-R:31 | N33: 1 | O33: N4answer.pdf p2
A34: N4-R | B34: N4 | C34: Đọc | D34: 32 | E34: Mở đề | J34: =IF(AND(ISBLANK(F34),ISBLANK(G34),ISBLANK(H34)),"",IF(NOT(ISNUMBER(F34)),"Lỗi đáp án",IF(OR(F34<0,F34>K34,MOD(F34,1)<>0),"Lỗi đáp án",IF(AND(LEN(H34)>0,COUNTIF('Nhật ký'!$I$63:$I$69,H34)=0),"Lỗi mã",IF(AND(F34=0,G34="Bỏ trống"),"Đã chấm",IF(AND(F34>0,OR(G34="Đúng",G34="Sai")),"Đã chấm",IF(ISBLANK(G34),"Chưa chấm","Kiểm tra bỏ trống"))))))) | K34: 4 | M34: N4-R:32 | N34: 2 | O34: N4answer.pdf p2
A35: N4-R | B35: N4 | C35: Đọc | D35: 33 | E35: Mở đề | I35: Ghi ngày/phút | J35: =IF(AND(ISBLANK(F35),ISBLANK(G35),ISBLANK(H35)),"",IF(NOT(ISNUMBER(F35)),"Lỗi đáp án",IF(OR(F35<0,F35>K35,MOD(F35,1)<>0),"Lỗi đáp án",IF(AND(LEN(H35)>0,COUNTIF('Nhật ký'!$I$63:$I$69,H35)=0),"Lỗi mã",IF(AND(F35=0,G35="Bỏ trống"),"Đã chấm",IF(AND(F35>0,OR(G35="Đúng",G35="Sai")),"Đã chấm",IF(ISBLANK(G35),"Chưa chấm","Kiểm tra bỏ trống"))))))) | K35: 4 | M35: N4-R:33 | N35: 3 | O35: N4answer.pdf p2
A36: N4-L1 | B36: N4 | C36: Nghe | D36: M1-1 | E36: Mở đề | J36: =IF(AND(ISBLANK(F36),ISBLANK(G36),ISBLANK(H36)),"",IF(NOT(ISNUMBER(F36)),"Lỗi đáp án",IF(OR(F36<0,F36>K36,MOD(F36,1)<>0),"Lỗi đáp án",IF(AND(LEN(H36)>0,COUNTIF('Nhật ký'!$I$63:$I$69,H36)=0),"Lỗi mã",IF(AND(F36=0,G36="Bỏ trống"),"Đã chấm",IF(AND(F36>0,OR(G36="Đúng",G36="Sai")),"Đã chấm",IF(ISBLANK(G36),"Chưa chấm","Kiểm tra bỏ trống"))))))) | K36: 4 | M36: N4-L1:M1-1 | N36: 1 | O36: N4answer.pdf p2
A37: N4-L1 | B37: N4 | C37: Nghe | D37: M1-2 | E37: Mở đề | J37: =IF(AND(ISBLANK(F37),ISBLANK(G37),ISBLANK(H37)),"",IF(NOT(ISNUMBER(F37)),"Lỗi đáp án",IF(OR(F37<0,F37>K37,MOD(F37,1)<>0),"Lỗi đáp án",IF(AND(LEN(H37)>0,COUNTIF('Nhật ký'!$I$63:$I$69,H37)=0),"Lỗi mã",IF(AND(F37=0,G37="Bỏ trống"),"Đã chấm",IF(AND(F37>0,OR(G37="Đúng",G37="Sai")),"Đã chấm",IF(ISBLANK(G37),"Chưa chấm","Kiểm tra bỏ trống"))))))) | K37: 4 | M37: N4-L1:M1-2 | N37: 3 | O37: N4answer.pdf p2
A38: N4-L1 | B38: N4 | C38: Nghe | D38: M2-1 | E38: Mở đề | J38: =IF(AND(ISBLANK(F38),ISBLANK(G38),ISBLANK(H38)),"",IF(NOT(ISNUMBER(F38)),"Lỗi đáp án",IF(OR(F38<0,F38>K38,MOD(F38,1)<>0),"Lỗi đáp án",IF(AND(LEN(H38)>0,COUNTIF('Nhật ký'!$I$63:$I$69,H38)=0),"Lỗi mã",IF(AND(F38=0,G38="Bỏ trống"),"Đã chấm",IF(AND(F38>0,OR(G38="Đúng",G38="Sai")),"Đã chấm",IF(ISBLANK(G38),"Chưa chấm","Kiểm tra bỏ trống"))))))) | K38: 4 | M38: N4-L1:M2-1 | N38: 1 | O38: N4answer.pdf p2
A39: N4-L1 | B39: N4 | C39: Nghe | D39: M2-2 | E39: Mở đề | I39: Ghi ngày/phút | J39: =IF(AND(ISBLANK(F39),ISBLANK(G39),ISBLANK(H39)),"",IF(NOT(ISNUMBER(F39)),"Lỗi đáp án",IF(OR(F39<0,F39>K39,MOD(F39,1)<>0),"Lỗi đáp án",IF(AND(LEN(H39)>0,COUNTIF('Nhật ký'!$I$63:$I$69,H39)=0),"Lỗi mã",IF(AND(F39=0,G39="Bỏ trống"),"Đã chấm",IF(AND(F39>0,OR(G39="Đúng",G39="Sai")),"Đã chấm",IF(ISBLANK(G39),"Chưa chấm","Kiểm tra bỏ trống"))))))) | K39: 4 | M39: N4-L1:M2-2 | N39: 2 | O39: N4answer.pdf p2
A40: N4-L2 | B40: N4 | C40: Nghe | D40: M3-1 | E40: Mở đề | J40: =IF(AND(ISBLANK(F40),ISBLANK(G40),ISBLANK(H40)),"",IF(NOT(ISNUMBER(F40)),"Lỗi đáp án",IF(OR(F40<0,F40>K40,MOD(F40,1)<>0),"Lỗi đáp án",IF(AND(LEN(H40)>0,COUNTIF('Nhật ký'!$I$63:$I$69,H40)=0),"Lỗi mã",IF(AND(F40=0,G40="Bỏ trống"),"Đã chấm",IF(AND(F40>0,OR(G40="Đúng",G40="Sai")),"Đã chấm",IF(ISBLANK(G40),"Chưa chấm","Kiểm tra bỏ trống"))))))) | K40: 3 | M40: N4-L2:M3-1 | N40: 2 | O40: N4answer.pdf p2
A41: N4-L2 | B41: N4 | C41: Nghe | D41: M3-2 | E41: Mở đề | J41: =IF(AND(ISBLANK(F41),ISBLANK(G41),ISBLANK(H41)),"",IF(NOT(ISNUMBER(F41)),"Lỗi đáp án",IF(OR(F41<0,F41>K41,MOD(F41,1)<>0),"Lỗi đáp án",IF(AND(LEN(H41)>0,COUNTIF('Nhật ký'!$I$63:$I$69,H41)=0),"Lỗi mã",IF(AND(F41=0,G41="Bỏ trống"),"Đã chấm",IF(AND(F41>0,OR(G41="Đúng",G41="Sai")),"Đã chấm",IF(ISBLANK(G41),"Chưa chấm","Kiểm tra bỏ trống"))))))) | K41: 3 | M41: N4-L2:M3-2 | N41: 2 | O41: N4answer.pdf p2
A42: N4-L2 | B42: N4 | C42: Nghe | D42: M4-1 | E42: Mở đề | J42: =IF(AND(ISBLANK(F42),ISBLANK(G42),ISBLANK(H42)),"",IF(NOT(ISNUMBER(F42)),"Lỗi đáp án",IF(OR(F42<0,F42>K42,MOD(F42,1)<>0),"Lỗi đáp án",IF(AND(LEN(H42)>0,COUNTIF('Nhật ký'!$I$63:$I$69,H42)=0),"Lỗi mã",IF(AND(F42=0,G42="Bỏ trống"),"Đã chấm",IF(AND(F42>0,OR(G42="Đúng",G42="Sai")),"Đã chấm",IF(ISBLANK(G42),"Chưa chấm","Kiểm tra bỏ trống"))))))) | K42: 3 | M42: N4-L2:M4-1 | N42: 1 | O42: N4answer.pdf p2
A43: N4-L2 | B43: N4 | C43: Nghe | D43: M4-2 | E43: Mở đề | I43: Ghi ngày/phút | J43: =IF(AND(ISBLANK(F43),ISBLANK(G43),ISBLANK(H43)),"",IF(NOT(ISNUMBER(F43)),"Lỗi đáp án",IF(OR(F43<0,F43>K43,MOD(F43,1)<>0),"Lỗi đáp án",IF(AND(LEN(H43)>0,COUNTIF('Nhật ký'!$I$63:$I$69,H43)=0),"Lỗi mã",IF(AND(F43=0,G43="Bỏ trống"),"Đã chấm",IF(AND(F43>0,OR(G43="Đúng",G43="Sai")),"Đã chấm",IF(ISBLANK(G43),"Chưa chấm","Kiểm tra bỏ trống"))))))) | K43: 3 | M43: N4-L2:M4-2 | N43: 3 | O43: N4answer.pdf p2
A44: N3-G | B44: N3 | C44: Ngữ pháp | D44: 1 | E44: Mở đề | J44: =IF(AND(ISBLANK(F44),ISBLANK(G44),ISBLANK(H44)),"",IF(NOT(ISNUMBER(F44)),"Lỗi đáp án",IF(OR(F44<0,F44>K44,MOD(F44,1)<>0),"Lỗi đáp án",IF(AND(LEN(H44)>0,COUNTIF('Nhật ký'!$I$63:$I$69,H44)=0),"Lỗi mã",IF(AND(F44=0,G44="Bỏ trống"),"Đã chấm",IF(AND(F44>0,OR(G44="Đúng",G44="Sai")),"Đã chấm",IF(ISBLANK(G44),"Chưa chấm","Kiểm tra bỏ trống"))))))) | K44: 4 | M44: N3-G:1 | N44: 2 | O44: N3answer.pdf p1
A45: N3-G | B45: N3 | C45: Ngữ pháp | D45: 2 | E45: Mở đề | J45: =IF(AND(ISBLANK(F45),ISBLANK(G45),ISBLANK(H45)),"",IF(NOT(ISNUMBER(F45)),"Lỗi đáp án",IF(OR(F45<0,F45>K45,MOD(F45,1)<>0),"Lỗi đáp án",IF(AND(LEN(H45)>0,COUNTIF('Nhật ký'!$I$63:$I$69,H45)=0),"Lỗi mã",IF(AND(F45=0,G45="Bỏ trống"),"Đã chấm",IF(AND(F45>0,OR(G45="Đúng",G45="Sai")),"Đã chấm",IF(ISBLANK(G45),"Chưa chấm","Kiểm tra bỏ trống"))))))) | K45: 4 | M45: N3-G:2 | N45: 4 | O45: N3answer.pdf p1
A46: N3-G | B46: N3 | C46: Ngữ pháp | D46: 3 | E46: Mở đề | J46: =IF(AND(ISBLANK(F46),ISBLANK(G46),ISBLANK(H46)),"",IF(NOT(ISNUMBER(F46)),"Lỗi đáp án",IF(OR(F46<0,F46>K46,MOD(F46,1)<>0),"Lỗi đáp án",IF(AND(LEN(H46)>0,COUNTIF('Nhật ký'!$I$63:$I$69,H46)=0),"Lỗi mã",IF(AND(F46=0,G46="Bỏ trống"),"Đã chấm",IF(AND(F46>0,OR(G46="Đúng",G46="Sai")),"Đã chấm",IF(ISBLANK(G46),"Chưa chấm","Kiểm tra bỏ trống"))))))) | K46: 4 | M46: N3-G:3 | N46: 3 | O46: N3answer.pdf p1
A47: N3-G | B47: N3 | C47: Ngữ pháp | D47: 4 | E47: Mở đề | J47: =IF(AND(ISBLANK(F47),ISBLANK(G47),ISBLANK(H47)),"",IF(NOT(ISNUMBER(F47)),"Lỗi đáp án",IF(OR(F47<0,F47>K47,MOD(F47,1)<>0),"Lỗi đáp án",IF(AND(LEN(H47)>0,COUNTIF('Nhật ký'!$I$63:$I$69,H47)=0),"Lỗi mã",IF(AND(F47=0,G47="Bỏ trống"),"Đã chấm",IF(AND(F47>0,OR(G47="Đúng",G47="Sai")),"Đã chấm",IF(ISBLANK(G47),"Chưa chấm","Kiểm tra bỏ trống"))))))) | K47: 4 | M47: N3-G:4 | N47: 1 | O47: N3answer.pdf p1
A48: N3-G | B48: N3 | C48: Ngữ pháp | D48: 14 | E48: Mở đề | J48: =IF(AND(ISBLANK(F48),ISBLANK(G48),ISBLANK(H48)),"",IF(NOT(ISNUMBER(F48)),"Lỗi đáp án",IF(OR(F48<0,F48>K48,MOD(F48,1)<>0),"Lỗi đáp án",IF(AND(LEN(H48)>0,COUNTIF('Nhật ký'!$I$63:$I$69,H48)=0),"Lỗi mã",IF(AND(F48=0,G48="Bỏ trống"),"Đã chấm",IF(AND(F48>0,OR(G48="Đúng",G48="Sai")),"Đã chấm",IF(ISBLANK(G48),"Chưa chấm","Kiểm tra bỏ trống"))))))) | K48: 4 | M48: N3-G:14 | N48: 2 | O48: N3answer.pdf p1
A49: N3-G | B49: N3 | C49: Ngữ pháp | D49: 15 | E49: Mở đề | I49: Ghi ngày/phút | J49: =IF(AND(ISBLANK(F49),ISBLANK(G49),ISBLANK(H49)),"",IF(NOT(ISNUMBER(F49)),"Lỗi đáp án",IF(OR(F49<0,F49>K49,MOD(F49,1)<>0),"Lỗi đáp án",IF(AND(LEN(H49)>0,COUNTIF('Nhật ký'!$I$63:$I$69,H49)=0),"Lỗi mã",IF(AND(F49=0,G49="Bỏ trống"),"Đã chấm",IF(AND(F49>0,OR(G49="Đúng",G49="Sai")),"Đã chấm",IF(ISBLANK(G49),"Chưa chấm","Kiểm tra bỏ trống"))))))) | K49: 4 | M49: N3-G:15 | N49: 4 | O49: N3answer.pdf p1
A50: N3-V | B50: N3 | C50: Từ và kanji | D50: 1 | E50: Mở đề | J50: =IF(AND(ISBLANK(F50),ISBLANK(G50),ISBLANK(H50)),"",IF(NOT(ISNUMBER(F50)),"Lỗi đáp án",IF(OR(F50<0,F50>K50,MOD(F50,1)<>0),"Lỗi đáp án",IF(AND(LEN(H50)>0,COUNTIF('Nhật ký'!$I$63:$I$69,H50)=0),"Lỗi mã",IF(AND(F50=0,G50="Bỏ trống"),"Đã chấm",IF(AND(F50>0,OR(G50="Đúng",G50="Sai")),"Đã chấm",IF(ISBLANK(G50),"Chưa chấm","Kiểm tra bỏ trống"))))))) | K50: 4 | M50: N3-V:1 | N50: 4 | O50: N3answer.pdf p1
A51: N3-V | B51: N3 | C51: Từ và kanji | D51: 2 | E51: Mở đề | J51: =IF(AND(ISBLANK(F51),ISBLANK(G51),ISBLANK(H51)),"",IF(NOT(ISNUMBER(F51)),"Lỗi đáp án",IF(OR(F51<0,F51>K51,MOD(F51,1)<>0),"Lỗi đáp án",IF(AND(LEN(H51)>0,COUNTIF('Nhật ký'!$I$63:$I$69,H51)=0),"Lỗi mã",IF(AND(F51=0,G51="Bỏ trống"),"Đã chấm",IF(AND(F51>0,OR(G51="Đúng",G51="Sai")),"Đã chấm",IF(ISBLANK(G51),"Chưa chấm","Kiểm tra bỏ trống"))))))) | K51: 4 | M51: N3-V:2 | N51: 2 | O51: N3answer.pdf p1
A52: N3-V | B52: N3 | C52: Từ và kanji | D52: 9 | E52: Mở đề | J52: =IF(AND(ISBLANK(F52),ISBLANK(G52),ISBLANK(H52)),"",IF(NOT(ISNUMBER(F52)),"Lỗi đáp án",IF(OR(F52<0,F52>K52,MOD(F52,1)<>0),"Lỗi đáp án",IF(AND(LEN(H52)>0,COUNTIF('Nhật ký'!$I$63:$I$69,H52)=0),"Lỗi mã",IF(AND(F52=0,G52="Bỏ trống"),"Đã chấm",IF(AND(F52>0,OR(G52="Đúng",G52="Sai")),"Đã chấm",IF(ISBLANK(G52),"Chưa chấm","Kiểm tra bỏ trống"))))))) | K52: 4 | M52: N3-V:9 | N52: 4 | O52: N3answer.pdf p1
A53: N3-V | B53: N3 | C53: Từ và kanji | D53: 10 | E53: Mở đề | J53: =IF(AND(ISBLANK(F53),ISBLANK(G53),ISBLANK(H53)),"",IF(NOT(ISNUMBER(F53)),"Lỗi đáp án",IF(OR(F53<0,F53>K53,MOD(F53,1)<>0),"Lỗi đáp án",IF(AND(LEN(H53)>0,COUNTIF('Nhật ký'!$I$63:$I$69,H53)=0),"Lỗi mã",IF(AND(F53=0,G53="Bỏ trống"),"Đã chấm",IF(AND(F53>0,OR(G53="Đúng",G53="Sai")),"Đã chấm",IF(ISBLANK(G53),"Chưa chấm","Kiểm tra bỏ trống"))))))) | K53: 4 | M53: N3-V:10 | N53: 3 | O53: N3answer.pdf p1
A54: N3-V | B54: N3 | C54: Từ và kanji | D54: 15 | E54: Mở đề | J54: =IF(AND(ISBLANK(F54),ISBLANK(G54),ISBLANK(H54)),"",IF(NOT(ISNUMBER(F54)),"Lỗi đáp án",IF(OR(F54<0,F54>K54,MOD(F54,1)<>0),"Lỗi đáp án",IF(AND(LEN(H54)>0,COUNTIF('Nhật ký'!$I$63:$I$69,H54)=0),"Lỗi mã",IF(AND(F54=0,G54="Bỏ trống"),"Đã chấm",IF(AND(F54>0,OR(G54="Đúng",G54="Sai")),"Đã chấm",IF(ISBLANK(G54),"Chưa chấm","Kiểm tra bỏ trống"))))))) | K54: 4 | M54: N3-V:15 | N54: 2 | O54: N3answer.pdf p1
A55: N3-V | B55: N3 | C55: Từ và kanji | D55: 16 | E55: Mở đề | J55: =IF(AND(ISBLANK(F55),ISBLANK(G55),ISBLANK(H55)),"",IF(NOT(ISNUMBER(F55)),"Lỗi đáp án",IF(OR(F55<0,F55>K55,MOD(F55,1)<>0),"Lỗi đáp án",IF(AND(LEN(H55)>0,COUNTIF('Nhật ký'!$I$63:$I$69,H55)=0),"Lỗi mã",IF(AND(F55=0,G55="Bỏ trống"),"Đã chấm",IF(AND(F55>0,OR(G55="Đúng",G55="Sai")),"Đã chấm",IF(ISBLANK(G55),"Chưa chấm","Kiểm tra bỏ trống"))))))) | K55: 4 | M55: N3-V:16 | N55: 4 | O55: N3answer.pdf p1
A56: N3-V | B56: N3 | C56: Từ và kanji | D56: 26 | E56: Mở đề | J56: =IF(AND(ISBLANK(F56),ISBLANK(G56),ISBLANK(H56)),"",IF(NOT(ISNUMBER(F56)),"Lỗi đáp án",IF(OR(F56<0,F56>K56,MOD(F56,1)<>0),"Lỗi đáp án",IF(AND(LEN(H56)>0,COUNTIF('Nhật ký'!$I$63:$I$69,H56)=0),"Lỗi mã",IF(AND(F56=0,G56="Bỏ trống"),"Đã chấm",IF(AND(F56>0,OR(G56="Đúng",G56="Sai")),"Đã chấm",IF(ISBLANK(G56),"Chưa chấm","Kiểm tra bỏ trống"))))))) | K56: 4 | M56: N3-V:26 | N56: 4 | O56: N3answer.pdf p1
A57: N3-V | B57: N3 | C57: Từ và kanji | D57: 27 | E57: Mở đề | J57: =IF(AND(ISBLANK(F57),ISBLANK(G57),ISBLANK(H57)),"",IF(NOT(ISNUMBER(F57)),"Lỗi đáp án",IF(OR(F57<0,F57>K57,MOD(F57,1)<>0),"Lỗi đáp án",IF(AND(LEN(H57)>0,COUNTIF('Nhật ký'!$I$63:$I$69,H57)=0),"Lỗi mã",IF(AND(F57=0,G57="Bỏ trống"),"Đã chấm",IF(AND(F57>0,OR(G57="Đúng",G57="Sai")),"Đã chấm",IF(ISBLANK(G57),"Chưa chấm","Kiểm tra bỏ trống"))))))) | K57: 4 | M57: N3-V:27 | N57: 1 | O57: N3answer.pdf p1
A58: N3-V | B58: N3 | C58: Từ và kanji | D58: 31 | E58: Mở đề | J58: =IF(AND(ISBLANK(F58),ISBLANK(G58),ISBLANK(H58)),"",IF(NOT(ISNUMBER(F58)),"Lỗi đáp án",IF(OR(F58<0,F58>K58,MOD(F58,1)<>0),"Lỗi đáp án",IF(AND(LEN(H58)>0,COUNTIF('Nhật ký'!$I$63:$I$69,H58)=0),"Lỗi mã",IF(AND(F58=0,G58="Bỏ trống"),"Đã chấm",IF(AND(F58>0,OR(G58="Đúng",G58="Sai")),"Đã chấm",IF(ISBLANK(G58),"Chưa chấm","Kiểm tra bỏ trống"))))))) | K58: 4 | M58: N3-V:31 | N58: 3 | O58: N3answer.pdf p1
A59: N3-V | B59: N3 | C59: Từ và kanji | D59: 32 | E59: Mở đề | I59: Ghi ngày/phút | J59: =IF(AND(ISBLANK(F59),ISBLANK(G59),ISBLANK(H59)),"",IF(NOT(ISNUMBER(F59)),"Lỗi đáp án",IF(OR(F59<0,F59>K59,MOD(F59,1)<>0),"Lỗi đáp án",IF(AND(LEN(H59)>0,COUNTIF('Nhật ký'!$I$63:$I$69,H59)=0),"Lỗi mã",IF(AND(F59=0,G59="Bỏ trống"),"Đã chấm",IF(AND(F59>0,OR(G59="Đúng",G59="Sai")),"Đã chấm",IF(ISBLANK(G59),"Chưa chấm","Kiểm tra bỏ trống"))))))) | K59: 4 | M59: N3-V:32 | N59: 2 | O59: N3answer.pdf p1
A60: N3-R | B60: N3 | C60: Đọc | D60: 24 | E60: Mở đề | J60: =IF(AND(ISBLANK(F60),ISBLANK(G60),ISBLANK(H60)),"",IF(NOT(ISNUMBER(F60)),"Lỗi đáp án",IF(OR(F60<0,F60>K60,MOD(F60,1)<>0),"Lỗi đáp án",IF(AND(LEN(H60)>0,COUNTIF('Nhật ký'!$I$63:$I$69,H60)=0),"Lỗi mã",IF(AND(F60=0,G60="Bỏ trống"),"Đã chấm",IF(AND(F60>0,OR(G60="Đúng",G60="Sai")),"Đã chấm",IF(ISBLANK(G60),"Chưa chấm","Kiểm tra bỏ trống"))))))) | K60: 4 | M60: N3-R:24 | N60: 3 | O60: N3answer.pdf p2
A61: N3-R | B61: N3 | C61: Đọc | D61: 28 | E61: Mở đề | J61: =IF(AND(ISBLANK(F61),ISBLANK(G61),ISBLANK(H61)),"",IF(NOT(ISNUMBER(F61)),"Lỗi đáp án",IF(OR(F61<0,F61>K61,MOD(F61,1)<>0),"Lỗi đáp án",IF(AND(LEN(H61)>0,COUNTIF('Nhật ký'!$I$63:$I$69,H61)=0),"Lỗi mã",IF(AND(F61=0,G61="Bỏ trống"),"Đã chấm",IF(AND(F61>0,OR(G61="Đúng",G61="Sai")),"Đã chấm",IF(ISBLANK(G61),"Chưa chấm","Kiểm tra bỏ trống"))))))) | K61: 4 | M61: N3-R:28 | N61: 2 | O61: N3answer.pdf p2
A62: N3-R | B62: N3 | C62: Đọc | D62: 29 | E62: Mở đề | J62: =IF(AND(ISBLANK(F62),ISBLANK(G62),ISBLANK(H62)),"",IF(NOT(ISNUMBER(F62)),"Lỗi đáp án",IF(OR(F62<0,F62>K62,MOD(F62,1)<>0),"Lỗi đáp án",IF(AND(LEN(H62)>0,COUNTIF('Nhật ký'!$I$63:$I$69,H62)=0),"Lỗi mã",IF(AND(F62=0,G62="Bỏ trống"),"Đã chấm",IF(AND(F62>0,OR(G62="Đúng",G62="Sai")),"Đã chấm",IF(ISBLANK(G62),"Chưa chấm","Kiểm tra bỏ trống"))))))) | K62: 4 | M62: N3-R:29 | N62: 3 | O62: N3answer.pdf p2
A63: N3-R | B63: N3 | C63: Đọc | D63: 30 | E63: Mở đề | I63: Ghi ngày/phút | J63: =IF(AND(ISBLANK(F63),ISBLANK(G63),ISBLANK(H63)),"",IF(NOT(ISNUMBER(F63)),"Lỗi đáp án",IF(OR(F63<0,F63>K63,MOD(F63,1)<>0),"Lỗi đáp án",IF(AND(LEN(H63)>0,COUNTIF('Nhật ký'!$I$63:$I$69,H63)=0),"Lỗi mã",IF(AND(F63=0,G63="Bỏ trống"),"Đã chấm",IF(AND(F63>0,OR(G63="Đúng",G63="Sai")),"Đã chấm",IF(ISBLANK(G63),"Chưa chấm","Kiểm tra bỏ trống"))))))) | K63: 4 | M63: N3-R:30 | N63: 4 | O63: N3answer.pdf p2
A64: N3-L1 | B64: N3 | C64: Nghe | D64: M1-1 | E64: Mở đề | J64: =IF(AND(ISBLANK(F64),ISBLANK(G64),ISBLANK(H64)),"",IF(NOT(ISNUMBER(F64)),"Lỗi đáp án",IF(OR(F64<0,F64>K64,MOD(F64,1)<>0),"Lỗi đáp án",IF(AND(LEN(H64)>0,COUNTIF('Nhật ký'!$I$63:$I$69,H64)=0),"Lỗi mã",IF(AND(F64=0,G64="Bỏ trống"),"Đã chấm",IF(AND(F64>0,OR(G64="Đúng",G64="Sai")),"Đã chấm",IF(ISBLANK(G64),"Chưa chấm","Kiểm tra bỏ trống"))))))) | K64: 4 | M64: N3-L1:M1-1 | N64: 2 | O64: N3answer.pdf p2
A65: N3-L1 | B65: N3 | C65: Nghe | D65: M1-2 | E65: Mở đề | J65: =IF(AND(ISBLANK(F65),ISBLANK(G65),ISBLANK(H65)),"",IF(NOT(ISNUMBER(F65)),"Lỗi đáp án",IF(OR(F65<0,F65>K65,MOD(F65,1)<>0),"Lỗi đáp án",IF(AND(LEN(H65)>0,COUNTIF('Nhật ký'!$I$63:$I$69,H65)=0),"Lỗi mã",IF(AND(F65=0,G65="Bỏ trống"),"Đã chấm",IF(AND(F65>0,OR(G65="Đúng",G65="Sai")),"Đã chấm",IF(ISBLANK(G65),"Chưa chấm","Kiểm tra bỏ trống"))))))) | K65: 4 | M65: N3-L1:M1-2 | N65: 3 | O65: N3answer.pdf p2
A66: N3-L1 | B66: N3 | C66: Nghe | D66: M2-1 | E66: Mở đề | J66: =IF(AND(ISBLANK(F66),ISBLANK(G66),ISBLANK(H66)),"",IF(NOT(ISNUMBER(F66)),"Lỗi đáp án",IF(OR(F66<0,F66>K66,MOD(F66,1)<>0),"Lỗi đáp án",IF(AND(LEN(H66)>0,COUNTIF('Nhật ký'!$I$63:$I$69,H66)=0),"Lỗi mã",IF(AND(F66=0,G66="Bỏ trống"),"Đã chấm",IF(AND(F66>0,OR(G66="Đúng",G66="Sai")),"Đã chấm",IF(ISBLANK(G66),"Chưa chấm","Kiểm tra bỏ trống"))))))) | K66: 4 | M66: N3-L1:M2-1 | N66: 2 | O66: N3answer.pdf p2
A67: N3-L1 | B67: N3 | C67: Nghe | D67: M2-2 | E67: Mở đề | I67: Ghi ngày/phút | J67: =IF(AND(ISBLANK(F67),ISBLANK(G67),ISBLANK(H67)),"",IF(NOT(ISNUMBER(F67)),"Lỗi đáp án",IF(OR(F67<0,F67>K67,MOD(F67,1)<>0),"Lỗi đáp án",IF(AND(LEN(H67)>0,COUNTIF('Nhật ký'!$I$63:$I$69,H67)=0),"Lỗi mã",IF(AND(F67=0,G67="Bỏ trống"),"Đã chấm",IF(AND(F67>0,OR(G67="Đúng",G67="Sai")),"Đã chấm",IF(ISBLANK(G67),"Chưa chấm","Kiểm tra bỏ trống"))))))) | K67: 4 | M67: N3-L1:M2-2 | N67: 4 | O67: N3answer.pdf p2
A68: N3-L2 | B68: N3 | C68: Nghe | D68: M3-1 | E68: Mở đề | J68: =IF(AND(ISBLANK(F68),ISBLANK(G68),ISBLANK(H68)),"",IF(NOT(ISNUMBER(F68)),"Lỗi đáp án",IF(OR(F68<0,F68>K68,MOD(F68,1)<>0),"Lỗi đáp án",IF(AND(LEN(H68)>0,COUNTIF('Nhật ký'!$I$63:$I$69,H68)=0),"Lỗi mã",IF(AND(F68=0,G68="Bỏ trống"),"Đã chấm",IF(AND(F68>0,OR(G68="Đúng",G68="Sai")),"Đã chấm",IF(ISBLANK(G68),"Chưa chấm","Kiểm tra bỏ trống"))))))) | K68: 4 | M68: N3-L2:M3-1 | N68: 3 | O68: N3answer.pdf p2
A69: N3-L2 | B69: N3 | C69: Nghe | D69: M3-2 | E69: Mở đề | J69: =IF(AND(ISBLANK(F69),ISBLANK(G69),ISBLANK(H69)),"",IF(NOT(ISNUMBER(F69)),"Lỗi đáp án",IF(OR(F69<0,F69>K69,MOD(F69,1)<>0),"Lỗi đáp án",IF(AND(LEN(H69)>0,COUNTIF('Nhật ký'!$I$63:$I$69,H69)=0),"Lỗi mã",IF(AND(F69=0,G69="Bỏ trống"),"Đã chấm",IF(AND(F69>0,OR(G69="Đúng",G69="Sai")),"Đã chấm",IF(ISBLANK(G69),"Chưa chấm","Kiểm tra bỏ trống"))))))) | K69: 4 | M69: N3-L2:M3-2 | N69: 4 | O69: N3answer.pdf p2
A70: N3-L2 | B70: N3 | C70: Nghe | D70: M4-1 | E70: Mở đề | J70: =IF(AND(ISBLANK(F70),ISBLANK(G70),ISBLANK(H70)),"",IF(NOT(ISNUMBER(F70)),"Lỗi đáp án",IF(OR(F70<0,F70>K70,MOD(F70,1)<>0),"Lỗi đáp án",IF(AND(LEN(H70)>0,COUNTIF('Nhật ký'!$I$63:$I$69,H70)=0),"Lỗi mã",IF(AND(F70=0,G70="Bỏ trống"),"Đã chấm",IF(AND(F70>0,OR(G70="Đúng",G70="Sai")),"Đã chấm",IF(ISBLANK(G70),"Chưa chấm","Kiểm tra bỏ trống"))))))) | K70: 3 | M70: N3-L2:M4-1 | N70: 1 | O70: N3answer.pdf p2
A71: N3-L2 | B71: N3 | C71: Nghe | D71: M4-2 | E71: Mở đề | J71: =IF(AND(ISBLANK(F71),ISBLANK(G71),ISBLANK(H71)),"",IF(NOT(ISNUMBER(F71)),"Lỗi đáp án",IF(OR(F71<0,F71>K71,MOD(F71,1)<>0),"Lỗi đáp án",IF(AND(LEN(H71)>0,COUNTIF('Nhật ký'!$I$63:$I$69,H71)=0),"Lỗi mã",IF(AND(F71=0,G71="Bỏ trống"),"Đã chấm",IF(AND(F71>0,OR(G71="Đúng",G71="Sai")),"Đã chấm",IF(ISBLANK(G71),"Chưa chấm","Kiểm tra bỏ trống"))))))) | K71: 3 | M71: N3-L2:M4-2 | N71: 2 | O71: N3answer.pdf p2
A72: N3-L2 | B72: N3 | C72: Nghe | D72: M5-1 | E72: Mở đề | J72: =IF(AND(ISBLANK(F72),ISBLANK(G72),ISBLANK(H72)),"",IF(NOT(ISNUMBER(F72)),"Lỗi đáp án",IF(OR(F72<0,F72>K72,MOD(F72,1)<>0),"Lỗi đáp án",IF(AND(LEN(H72)>0,COUNTIF('Nhật ký'!$I$63:$I$69,H72)=0),"Lỗi mã",IF(AND(F72=0,G72="Bỏ trống"),"Đã chấm",IF(AND(F72>0,OR(G72="Đúng",G72="Sai")),"Đã chấm",IF(ISBLANK(G72),"Chưa chấm","Kiểm tra bỏ trống"))))))) | K72: 3 | M72: N3-L2:M5-1 | N72: 1 | O72: N3answer.pdf p2
A73: N3-L2 | B73: N3 | C73: Nghe | D73: M5-2 | E73: Mở đề | I73: Ghi ngày/phút | J73: =IF(AND(ISBLANK(F73),ISBLANK(G73),ISBLANK(H73)),"",IF(NOT(ISNUMBER(F73)),"Lỗi đáp án",IF(OR(F73<0,F73>K73,MOD(F73,1)<>0),"Lỗi đáp án",IF(AND(LEN(H73)>0,COUNTIF('Nhật ký'!$I$63:$I$69,H73)=0),"Lỗi mã",IF(AND(F73=0,G73="Bỏ trống"),"Đã chấm",IF(AND(F73>0,OR(G73="Đúng",G73="Sai")),"Đã chấm",IF(ISBLANK(G73),"Chưa chấm","Kiểm tra bỏ trống"))))))) | K73: 3 | M73: N3-L2:M5-2 | N73: 3 | O73: N3answer.pdf p2
A75: Bảng chấm từng khối | M75: Source: Official Worldwide Japanese-Language Proficiency Test Website (https://www.jlpt.jp/)
A76: H/I/J là ô nhập sau khi chấm. Mới chỉ khi chưa xem câu, chưa xem khóa/bản chép, không được gợi ý. | M76: N4answer.pdf và N3answer.pdf; JLPT Site Policy mục 1(1), kiểm 15/10/2026. Không tái bản nội dung đề/âm thanh.
A77: Khối | B77: Cấp | C77: Kỹ năng | D77: Tổng câu | E77: Đã chấm | F77: Đúng | G77: Độ đúng | H77: Ngày thật | I77: Phút làm | J77: Loại câu | K77: Trạng thái
A78: N4-G1 | B78: N4 | C78: Ngữ pháp | D78: 6 | E78: =COUNTIF(J8:J13,"Đã chấm") -> 0 | F78: =IF(E78=D78,COUNTIFS(G8:G13,"Đúng",J8:J13,"Đã chấm"),"") | G78: =IF(K78="Đã chấm",F78/D78,"") | K78: =IF(E78<D78,"Còn "&(D78-E78)&" câu chưa chấm",IF(OR(NOT(ISNUMBER(H78)),H78<1),"Thiếu ngày",IF(OR(NOT(ISNUMBER(I78)),I78<=0),"Thiếu phút",IF(AND(J78<>"Mới",J78<>"Ôn lại"),"Chọn loại câu","Đã chấm")))) -> Còn 6 câu chưa chấm
A79: N4-G2 | B79: N4 | C79: Ngữ pháp | D79: 7 | E79: =COUNTIF(J14:J20,"Đã chấm") -> 0 | F79: =IF(E79=D79,COUNTIFS(G14:G20,"Đúng",J14:J20,"Đã chấm"),"") | G79: =IF(K79="Đã chấm",F79/D79,"") | K79: =IF(E79<D79,"Còn "&(D79-E79)&" câu chưa chấm",IF(OR(NOT(ISNUMBER(H79)),H79<1),"Thiếu ngày",IF(OR(NOT(ISNUMBER(I79)),I79<=0),"Thiếu phút",IF(AND(J79<>"Mới",J79<>"Ôn lại"),"Chọn loại câu","Đã chấm")))) -> Còn 7 câu chưa chấm
A80: N4-V | B80: N4 | C80: Từ và kanji | D80: 10 | E80: =COUNTIF(J21:J30,"Đã chấm") -> 0 | F80: =IF(E80=D80,COUNTIFS(G21:G30,"Đúng",J21:J30,"Đã chấm"),"") | G80: =IF(K80="Đã chấm",F80/D80,"") | K80: =IF(E80<D80,"Còn "&(D80-E80)&" câu chưa chấm",IF(OR(NOT(ISNUMBER(H80)),H80<1),"Thiếu ngày",IF(OR(NOT(ISNUMBER(I80)),I80<=0),"Thiếu phút",IF(AND(J80<>"Mới",J80<>"Ôn lại"),"Chọn loại câu","Đã chấm")))) -> Còn 10 câu chưa chấm
A81: N4-R | B81: N4 | C81: Đọc | D81: 5 | E81: =COUNTIF(J31:J35,"Đã chấm") -> 0 | F81: =IF(E81=D81,COUNTIFS(G31:G35,"Đúng",J31:J35,"Đã chấm"),"") | G81: =IF(K81="Đã chấm",F81/D81,"") | K81: =IF(E81<D81,"Còn "&(D81-E81)&" câu chưa chấm",IF(OR(NOT(ISNUMBER(H81)),H81<1),"Thiếu ngày",IF(OR(NOT(ISNUMBER(I81)),I81<=0),"Thiếu phút",IF(AND(J81<>"Mới",J81<>"Ôn lại"),"Chọn loại câu","Đã chấm")))) -> Còn 5 câu chưa chấm
A82: N4-L1 | B82: N4 | C82: Nghe | D82: 4 | E82: =COUNTIF(J36:J39,"Đã chấm") -> 0 | F82: =IF(E82=D82,COUNTIFS(G36:G39,"Đúng",J36:J39,"Đã chấm"),"") | G82: =IF(K82="Đã chấm",F82/D82,"") | K82: =IF(E82<D82,"Còn "&(D82-E82)&" câu chưa chấm",IF(OR(NOT(ISNUMBER(H82)),H82<1),"Thiếu ngày",IF(OR(NOT(ISNUMBER(I82)),I82<=0),"Thiếu phút",IF(AND(J82<>"Mới",J82<>"Ôn lại"),"Chọn loại câu","Đã chấm")))) -> Còn 4 câu chưa chấm
A83: N4-L2 | B83: N4 | C83: Nghe | D83: 4 | E83: =COUNTIF(J40:J43,"Đã chấm") -> 0 | F83: =IF(E83=D83,COUNTIFS(G40:G43,"Đúng",J40:J43,"Đã chấm"),"") | G83: =IF(K83="Đã chấm",F83/D83,"") | K83: =IF(E83<D83,"Còn "&(D83-E83)&" câu chưa chấm",IF(OR(NOT(ISNUMBER(H83)),H83<1),"Thiếu ngày",IF(OR(NOT(ISNUMBER(I83)),I83<=0),"Thiếu phút",IF(AND(J83<>"Mới",J83<>"Ôn lại"),"Chọn loại câu","Đã chấm")))) -> Còn 4 câu chưa chấm
A84: N3-G | B84: N3 | C84: Ngữ pháp | D84: 6 | E84: =COUNTIF(J44:J49,"Đã chấm") -> 0 | F84: =IF(E84=D84,COUNTIFS(G44:G49,"Đúng",J44:J49,"Đã chấm"),"") | G84: =IF(K84="Đã chấm",F84/D84,"") | K84: =IF(E84<D84,"Còn "&(D84-E84)&" câu chưa chấm",IF(OR(NOT(ISNUMBER(H84)),H84<1),"Thiếu ngày",IF(OR(NOT(ISNUMBER(I84)),I84<=0),"Thiếu phút",IF(AND(J84<>"Mới",J84<>"Ôn lại"),"Chọn loại câu","Đã chấm")))) -> Còn 6 câu chưa chấm
A85: N3-V | B85: N3 | C85: Từ và kanji | D85: 10 | E85: =COUNTIF(J50:J59,"Đã chấm") -> 0 | F85: =IF(E85=D85,COUNTIFS(G50:G59,"Đúng",J50:J59,"Đã chấm"),"") | G85: =IF(K85="Đã chấm",F85/D85,"") | K85: =IF(E85<D85,"Còn "&(D85-E85)&" câu chưa chấm",IF(OR(NOT(ISNUMBER(H85)),H85<1),"Thiếu ngày",IF(OR(NOT(ISNUMBER(I85)),I85<=0),"Thiếu phút",IF(AND(J85<>"Mới",J85<>"Ôn lại"),"Chọn loại câu","Đã chấm")))) -> Còn 10 câu chưa chấm
A86: N3-R | B86: N3 | C86: Đọc | D86: 4 | E86: =COUNTIF(J60:J63,"Đã chấm") -> 0 | F86: =IF(E86=D86,COUNTIFS(G60:G63,"Đúng",J60:J63,"Đã chấm"),"") | G86: =IF(K86="Đã chấm",F86/D86,"") | K86: =IF(E86<D86,"Còn "&(D86-E86)&" câu chưa chấm",IF(OR(NOT(ISNUMBER(H86)),H86<1),"Thiếu ngày",IF(OR(NOT(ISNUMBER(I86)),I86<=0),"Thiếu phút",IF(AND(J86<>"Mới",J86<>"Ôn lại"),"Chọn loại câu","Đã chấm")))) -> Còn 4 câu chưa chấm
A87: N3-L1 | B87: N3 | C87: Nghe | D87: 4 | E87: =COUNTIF(J64:J67,"Đã chấm") -> 0 | F87: =IF(E87=D87,COUNTIFS(G64:G67,"Đúng",J64:J67,"Đã chấm"),"") | G87: =IF(K87="Đã chấm",F87/D87,"") | K87: =IF(E87<D87,"Còn "&(D87-E87)&" câu chưa chấm",IF(OR(NOT(ISNUMBER(H87)),H87<1),"Thiếu ngày",IF(OR(NOT(ISNUMBER(I87)),I87<=0),"Thiếu phút",IF(AND(J87<>"Mới",J87<>"Ôn lại"),"Chọn loại câu","Đã chấm")))) -> Còn 4 câu chưa chấm
A88: N3-L2 | B88: N3 | C88: Nghe | D88: 6 | E88: =COUNTIF(J68:J73,"Đã chấm") -> 0 | F88: =IF(E88=D88,COUNTIFS(G68:G73,"Đúng",J68:J73,"Đã chấm"),"") | G88: =IF(K88="Đã chấm",F88/D88,"") | K88: =IF(E88<D88,"Còn "&(D88-E88)&" câu chưa chấm",IF(OR(NOT(ISNUMBER(H88)),H88<1),"Thiếu ngày",IF(OR(NOT(ISNUMBER(I88)),I88<=0),"Thiếu phút",IF(AND(J88<>"Mới",J88<>"Ôn lại"),"Chọn loại câu","Đã chấm")))) -> Còn 6 câu chưa chấm

Sheet Luyện tập
A1: Ứng dụng → Excel · tùy chọn mỗi tuần
A2: Đúng mới tự làm | C2: =SUMIFS(G8:G507,F8:F507,"Mới",M8:M507,"Hợp lệ") -> 0 | D2: Đã trả lời mới | E2: =SUMIFS(H8:H507,F8:F507,"Mới",M8:M507,"Hợp lệ") -> 0 | F2: Tỉ lệ có mẫu | G2: =IF(E2=0,"Chưa có dữ liệu",C2/E2) -> Chưa có dữ liệu | H2: Dòng cần kiểm | I2: =COUNTIF(M8:M507,"Kiểm tra/trùng") -> 0 | J2: Phút hợp lệ | K2: =SUMIF(M8:M507,"Hợp lệ",J8:J507)/60 -> 0
A3: Xuất CSV trong ứng dụng → mở CSV bằng Excel (UTF-8, dấu phẩy) → sao chép 12 cột dữ liệu A–L, bỏ tiêu đề, dán từ A8.
A4: Mỗi lần cập nhật: thay toàn bộ vùng nhập A8:L507 bằng bản xuất mới; hoặc thêm cuối. Trùng Session ID + kỹ năng + loại dữ liệu: chỉ dòng đầu hợp lệ.
A5: Điểm ứng dụng giữ riêng với chẩn đoán chính thức ở 5 trang cũ. Không dùng tỉ lệ này làm điểm chuẩn JLPT. JSON là bản sao đầy đủ, CSV chỉ là tổng hợp.
A6: Không có điểm người học được điền trước. Mở JLPT_PRACTICE/index.html trong cùng thư mục bộ tài liệu để luyện.
A7: Session ID | B7: Ngày | C7: Cấp | D7: Kỹ năng | E7: Mã bài | F7: Loại dữ liệu | G7: Đúng | H7: Đã trả lời | I7: Tổng đã xem | J7: Giây làm | K7: Trợ giúp | L7: Ghi chú | M7: Kiểm dữ liệu
M8: =IF(COUNTA(A8:L8)=0,"",IF(AND(A8<>"",B8<>"",C8="N4",OR(D8="Ngữ pháp",D8="Đọc",D8="Nghe",D8="Từ và kanji",D8="Giao tiếp"),OR(F8="Mới",F8="Ôn lại",F8="Hỗ trợ",F8="Luyện"),ISNUMBER(G8),ISNUMBER(H8),ISNUMBER(I8),ISNUMBER(J8),G8>=0,H8>=G8,I8>=H8,I8>0,J8>=0,MOD(G8,1)=0,MOD(H8,1)=0,MOD(I8,1)=0,COUNTIFS($A$8:A8,A8,$D$8:D8,D8,$F$8:F8,F8)=1),"Hợp lệ","Kiểm tra/trùng"))
M9: =IF(COUNTA(A9:L9)=0,"",IF(AND(A9<>"",B9<>"",C9="N4",OR(D9="Ngữ pháp",D9="Đọc",D9="Nghe",D9="Từ và kanji",D9="Giao tiếp"),OR(F9="Mới",F9="Ôn lại",F9="Hỗ trợ",F9="Luyện"),ISNUMBER(G9),ISNUMBER(H9),ISNUMBER(I9),ISNUMBER(J9),G9>=0,H9>=G9,I9>=H9,I9>0,J9>=0,MOD(G9,1)=0,MOD(H9,1)=0,MOD(I9,1)=0,COUNTIFS($A$8:A9,A9,$D$8:D9,D9,$F$8:F9,F9)=1),"Hợp lệ","Kiểm tra/trùng"))
M10: =IF(COUNTA(A10:L10)=0,"",IF(AND(A10<>"",B10<>"",C10="N4",OR(D10="Ngữ pháp",D10="Đọc",D10="Nghe",D10="Từ và kanji",D10="Giao tiếp"),OR(F10="Mới",F10="Ôn lại",F10="Hỗ trợ",F10="Luyện"),ISNUMBER(G10),ISNUMBER(H10),ISNUMBER(I10),ISNUMBER(J10),G10>=0,H10>=G10,I10>=H10,I10>0,J10>=0,MOD(G10,1)=0,MOD(H10,1)=0,MOD(I10,1)=0,COUNTIFS($A$8:A10,A10,$D$8:D10,D10,$F$8:F10,F10)=1),"Hợp lệ","Kiểm tra/trùng"))
M11: =IF(COUNTA(A11:L11)=0,"",IF(AND(A11<>"",B11<>"",C11="N4",OR(D11="Ngữ pháp",D11="Đọc",D11="Nghe",D11="Từ và kanji",D11="Giao tiếp"),OR(F11="Mới",F11="Ôn lại",F11="Hỗ trợ",F11="Luyện"),ISNUMBER(G11),ISNUMBER(H11),ISNUMBER(I11),ISNUMBER(J11),G11>=0,H11>=G11,I11>=H11,I11>0,J11>=0,MOD(G11,1)=0,MOD(H11,1)=0,MOD(I11,1)=0,COUNTIFS($A$8:A11,A11,$D$8:D11,D11,$F$8:F11,F11)=1),"Hợp lệ","Kiểm tra/trùng"))
M12: =IF(COUNTA(A12:L12)=0,"",IF(AND(A12<>"",B12<>"",C12="N4",OR(D12="Ngữ pháp",D12="Đọc",D12="Nghe",D12="Từ và kanji",D12="Giao tiếp"),OR(F12="Mới",F12="Ôn lại",F12="Hỗ trợ",F12="Luyện"),ISNUMBER(G12),ISNUMBER(H12),ISNUMBER(I12),ISNUMBER(J12),G12>=0,H12>=G12,I12>=H12,I12>0,J12>=0,MOD(G12,1)=0,MOD(H12,1)=0,MOD(I12,1)=0,COUNTIFS($A$8:A12,A12,$D$8:D12,D12,$F$8:F12,F12)=1),"Hợp lệ","Kiểm tra/trùng"))
M13: =IF(COUNTA(A13:L13)=0,"",IF(AND(A13<>"",B13<>"",C13="N4",OR(D13="Ngữ pháp",D13="Đọc",D13="Nghe",D13="Từ và kanji",D13="Giao tiếp"),OR(F13="Mới",F13="Ôn lại",F13="Hỗ trợ",F13="Luyện"),ISNUMBER(G13),ISNUMBER(H13),ISNUMBER(I13),ISNUMBER(J13),G13>=0,H13>=G13,I13>=H13,I13>0,J13>=0,MOD(G13,1)=0,MOD(H13,1)=0,MOD(I13,1)=0,COUNTIFS($A$8:A13,A13,$D$8:D13,D13,$F$8:F13,F13)=1),"Hợp lệ","Kiểm tra/trùng"))
M14: =IF(COUNTA(A14:L14)=0,"",IF(AND(A14<>"",B14<>"",C14="N4",OR(D14="Ngữ pháp",D14="Đọc",D14="Nghe",D14="Từ và kanji",D14="Giao tiếp"),OR(F14="Mới",F14="Ôn lại",F14="Hỗ trợ",F14="Luyện"),ISNUMBER(G14),ISNUMBER(H14),ISNUMBER(I14),ISNUMBER(J14),G14>=0,H14>=G14,I14>=H14,I14>0,J14>=0,MOD(G14,1)=0,MOD(H14,1)=0,MOD(I14,1)=0,COUNTIFS($A$8:A14,A14,$D$8:D14,D14,$F$8:F14,F14)=1),"Hợp lệ","Kiểm tra/trùng"))
M15: =IF(COUNTA(A15:L15)=0,"",IF(AND(A15<>"",B15<>"",C15="N4",OR(D15="Ngữ pháp",D15="Đọc",D15="Nghe",D15="Từ và kanji",D15="Giao tiếp"),OR(F15="Mới",F15="Ôn lại",F15="Hỗ trợ",F15="Luyện"),ISNUMBER(G15),ISNUMBER(H15),ISNUMBER(I15),ISNUMBER(J15),G15>=0,H15>=G15,I15>=H15,I15>0,J15>=0,MOD(G15,1)=0,MOD(H15,1)=0,MOD(I15,1)=0,COUNTIFS($A$8:A15,A15,$D$8:D15,D15,$F$8:F15,F15)=1),"Hợp lệ","Kiểm tra/trùng"))
M16: =IF(COUNTA(A16:L16)=0,"",IF(AND(A16<>"",B16<>"",C16="N4",OR(D16="Ngữ pháp",D16="Đọc",D16="Nghe",D16="Từ và kanji",D16="Giao tiếp"),OR(F16="Mới",F16="Ôn lại",F16="Hỗ trợ",F16="Luyện"),ISNUMBER(G16),ISNUMBER(H16),ISNUMBER(I16),ISNUMBER(J16),G16>=0,H16>=G16,I16>=H16,I16>0,J16>=0,MOD(G16,1)=0,MOD(H16,1)=0,MOD(I16,1)=0,COUNTIFS($A$8:A16,A16,$D$8:D16,D16,$F$8:F16,F16)=1),"Hợp lệ","Kiểm tra/trùng"))
M17: =IF(COUNTA(A17:L17)=0,"",IF(AND(A17<>"",B17<>"",C17="N4",OR(D17="Ngữ pháp",D17="Đọc",D17="Nghe",D17="Từ và kanji",D17="Giao tiếp"),OR(F17="Mới",F17="Ôn lại",F17="Hỗ trợ",F17="Luyện"),ISNUMBER(G17),ISNUMBER(H17),ISNUMBER(I17),ISNUMBER(J17),G17>=0,H17>=G17,I17>=H17,I17>0,J17>=0,MOD(G17,1)=0,MOD(H17,1)=0,MOD(I17,1)=0,COUNTIFS($A$8:A17,A17,$D$8:D17,D17,$F$8:F17,F17)=1),"Hợp lệ","Kiểm tra/trùng"))
M18: =IF(COUNTA(A18:L18)=0,"",IF(AND(A18<>"",B18<>"",C18="N4",OR(D18="Ngữ pháp",D18="Đọc",D18="Nghe",D18="Từ và kanji",D18="Giao tiếp"),OR(F18="Mới",F18="Ôn lại",F18="Hỗ trợ",F18="Luyện"),ISNUMBER(G18),ISNUMBER(H18),ISNUMBER(I18),ISNUMBER(J18),G18>=0,H18>=G18,I18>=H18,I18>0,J18>=0,MOD(G18,1)=0,MOD(H18,1)=0,MOD(I18,1)=0,COUNTIFS($A$8:A18,A18,$D$8:D18,D18,$F$8:F18,F18)=1),"Hợp lệ","Kiểm tra/trùng"))
M19: =IF(COUNTA(A19:L19)=0,"",IF(AND(A19<>"",B19<>"",C19="N4",OR(D19="Ngữ pháp",D19="Đọc",D19="Nghe",D19="Từ và kanji",D19="Giao tiếp"),OR(F19="Mới",F19="Ôn lại",F19="Hỗ trợ",F19="Luyện"),ISNUMBER(G19),ISNUMBER(H19),ISNUMBER(I19),ISNUMBER(J19),G19>=0,H19>=G19,I19>=H19,I19>0,J19>=0,MOD(G19,1)=0,MOD(H19,1)=0,MOD(I19,1)=0,COUNTIFS($A$8:A19,A19,$D$8:D19,D19,$F$8:F19,F19)=1),"Hợp lệ","Kiểm tra/trùng"))
... M507: =IF(COUNTA(A507:L507)=0,"",IF(AND(A507<>"",B507<>"",C507="N4",OR(D507="Ngữ pháp",D507="Đọc",D507="Nghe",D507="Từ và kanji",D507="Giao tiếp"),OR(F507="Mới",F507="Ôn lại",F507="Hỗ trợ",F507="Luyện"),ISNUMBER(G507),ISNUMBER(H507),ISNUMBER(I507),ISNUMBER(J507),G507>=0,H507>=G507,I507>=H507,I507>0,J507>=0,MOD(G507,1)=0,MOD(H507,1)=0,MOD(I507,1)=0,COUNTIFS($A$8:A507,A507,$D$8:D507,D507,$F$8:F507,F507)=1),"Hợp lệ","Kiểm tra/trùng"))
